DatabaseClass text primary key,NATO_ASCC text,ModelClassId integer,ClassificationId integer,Cost numeric,Weight_kg numeric,Volume_m3 numeric,InitialYear numeric,FinalYear numeric,Country text,Designation text,ImageList text,IconFileName text,ModelFileName text,Description text,Notes text,MaxRange_km numeric,RefRange_km numeric,FieldOfView_deg numeric,MinElevation_deg numeric,MaxElevation_deg numeric,ScanPeriod_s numeric,DamageEffect text,RangeError real,AngleError_deg real,ElevationError_deg real,MinFrequency_Hz numeric,MaxFrequency_Hz numeric,IdThreshold_dB real,CounterMeasureFactor real,IsSurveillance integer,IsRWR integer
"AC-672","","0","0","","","","1900","2999","","","","","","Surveilance RWR, Sensitivity: 0.7, MaxRange: 150km, 0.4Ghz to 100Ghz          AC-672 MAE","Marcos Viniegra","150","0.7","360","0","45","10","GenericSensor","1","10","90","400000000","100000000000.0","0","1","1","1"
"AGM-45 Seeker","","0","0","0","0","0","1900","2999","","","","","","ESM, Sensitivity: 1, MaxRange: 55km, 0.4Ghz to 100Ghz          Shrike passive seeker","","55","1","3","-20","20","5","GenericSensor","0","0","90","400000000","100000000000.0","0","1","0","0"
"AGM-78 seeker","","0","0","0","0","0","1900","2999","","","","","","ESM, Sensitivity: 1, MaxRange: 55km, 0.4Ghz to 100Ghz          Standard passive seeker","","55","1","100","-50","50","3","GenericSensor","0","0","90","400000000","100000000000.0","0","1","0","0"
"ALD-2","","0","0","0","0","0","1900","2999","","","","","","Surveilance RWR, Sensitivity: 0.3, MaxRange: 200km, 0.4Ghz to 100Ghz          ECM direction finder used on the F-4B.  ","ECM direction finder?, ESM?  Well, thats how im configuring this item until otherwise noted.","200","0.3","360","-90","90","5","GenericSensor","1","10","90","400000000","100000000000.0","0","1","1","1"
"ALQ-142 ESM B.1","","0","0","0","0","0","1900","2999","","","","","","Surveilance ESM, Sensitivity: 0.22, MaxRange: 700km, 0.42Ghz to 1.39Ghz          Repackaged SLQ-32 ESM for Lamps III Helicopters, Band 1, 2 and 3, B, C, D, E, F, G, H, I bands detected.  Capable of detecting emissions from virtually all aircraft and missiles.  This is the Band 1 Detector.","","700","0.22","360","-90","60","30","GenericSensor","1","20","90","420000000","1390000000","0","1","1","0"
"ALQ-142 ESM B.2","","0","0","0","0","0","1900","2999","","","","","","Surveilance ESM, Sensitivity: 0.18, MaxRange: 500km, 2.305Ghz to 8.5Ghz          Repackaged SLQ-32 ESM for Lamps III Helicopters, Band 1, 2 and 3, B, C, D, E, F, G, H, I bands detected.  Capable of detecting emissions from virtually all aircraft and missiles.  This is the Band 2 Detector.","","500","0.18","360","-90","60","20","GenericSensor","1","10","90","2305000000","8500000000","0","1","1","0"
"ALQ-142 ESM B.3","","0","0","0","0","0","1900","2999","","","","","","Surveilance ESM, Sensitivity: 0.18, MaxRange: 300km, 6Ghz to 17.7Ghz          Repackaged SLQ-32 ESM for Lamps III Helicopters, Band 1, 2 and 3, B, C, D, E, F, G, H, I bands detected.  Capable of detecting emissions from virtually all aircraft and missiles.  This is the Band 3 Detector.","","300","0.18","360","-90","60","10","GenericSensor","1","5.3","90","6000000000","17700000000","0","1","1","0"
"ALQ-142 ESM","","0","0","0","0","0","1900","2999","","","","","","Surveilance ESM, Sensitivity: 0.25, MaxRange: 250km, 0.4Ghz to 100Ghz          No description is available.","","250","0.25","360","-90","90","18","GenericSensor","1","4","90","400000000","100000000000.0","0","1","1","0"
"ALQ-161A ESM","","0","0","0","0","0","1900","2999","","","","","","Surveilance RWR, Sensitivity: 0.3, MaxRange: 300km, 0.4Ghz to 100Ghz          ESM component of ALQ-161 integrated RF CM system for B-1B","","300","0.3","360","-90","90","15","GenericSensor","1","3","90","400000000","100000000000.0","0","1","1","1"
"ALQ-210 ESM","","0","0","0","0","0","1900","2999","","","","","","Surveilance ESM, Sensitivity: 0.25, MaxRange: 250km, 0.4Ghz to 100Ghz          No description is available.","","250","0.25","360","-90","90","18","GenericSensor","1","2.5","90","400000000","100000000000.0","0","1","1","0"
"ALQ-217 ESM","","0","0","0","0","0","1900","2999","","","","","","Surveilance RWR, Sensitivity: 2, MaxRange: 900km, 0.4Ghz to 100Ghz          E2-C esm system","","900","2","360","-90","90","5","GenericSensor","1","2.5","90","400000000","100000000000.0","0","1","1","1"
"ALQ-218 ESM","","0","0","0","0","0","1900","2999","","","","","","Surveilance RWR, Sensitivity: 16, MaxRange: 800km, 0.4Ghz to 100Ghz          ALQ-218 Tactical Jamming Receiver. An integrated ESM/RWR system installed aboard the EA-18G Growler and P-8 Poseidon MPA.","Contributed by greengills","800","16","360","-90","90","4","GenericSensor","1","12","90","400000000","100000000000.0","0","1","1","1"
"ALR-20 RWR","","0","0","0","0","0","1900","2999","","","","","","Surveilance RWR, Sensitivity: 0.3, MaxRange: 100km, 0.4Ghz to 100Ghz","","100","0.3","360","-90","90","5","GenericSensor","1","10","90","400000000","100000000000.0","0","1","1","1"
"ALR-2001 Odyssey ESM","","0","0","0","0","0","1900","2999","","","","","","Surveilance RWR, Sensitivity: 6.4, MaxRange: 450km, 0.4Ghz to 100Ghz          Modified version of Elta Elecronic's EL/L-8300 ESM system. Installed aboard Australian AP-3C and E-737 Wedgetail AEW&C aircraft.","Contributed by greengills","450","6.4","360","-35","35","3","GenericSensor","1","1.5","90","400000000","100000000000.0","0","1","1","1"
"ALR-2002 RWR","","0","0","0","0","0","1900","2999","","","","","","RWR, Sensitivity: 0.5, MaxRange: 250km, 0.4Ghz to 100Ghz          Australian designed RWR system for transport aircraft and helicopters.","Contributed by greengills","250","0.5","360","-90","90","5","GenericSensor","1","2.5","90","400000000","100000000000.0","0","1","0","1"
"ALR-47 ESM","","0","0","0","0","0","1900","2999","","","","","","Surveilance RWR, Sensitivity: 1, MaxRange: 900km, 0.4Ghz to 100Ghz          E2-C esm system","","900","1","360","-90","90","20","GenericSensor","1","6","90","400000000","100000000000.0","0","1","1","1"
"ALR-50 RWR","","0","0","0","0","0","1900","2999","","","","","","Surveilance RWR, Sensitivity: 0.2, MaxRange: 250km, 0.4Ghz to 100Ghz          RWR for A-6E AV-8B F-14 F/A-18. General model so no (V) variants","previous model to ALR-67 in the hornet series.  unknown details, going to assume general inferiority.  Am stripping range determination ability, few ESM's can do this, most by processing multiple bearings over time and producing a form of TMA.","250","0.2","360","-90","90","4","GenericSensor","1","25","90","400000000","100000000000.0","0","1","1","1"
"ALR-59 ESM","","0","0","0","0","0","1900","2999","","","","","","Surveilance RWR, Sensitivity: 1.8, MaxRange: 900km, 0.4Ghz to 100Ghz          E2-C esm system","","900","1.8","360","-90","90","5","GenericSensor","1","5","90","400000000","100000000000.0","0","1","1","1"
"ALR-66 RWR","","0","0","0","0","0","1900","2999","","","","","","Surveilance RWR, Sensitivity: 0.3, MaxRange: 300km, 0.4Ghz to 100Ghz          RWR","","300","0.3","360","-90","90","0.1","GenericSensor","1","8","90","400000000","100000000000.0","0","1","1","1"
"ALR-67 RWR","","0","0","0","0","0","1900","2999","","","","","","Surveilance RWR, Sensitivity: 0.3, MaxRange: 300km, 0.4Ghz to 100Ghz          RWR for A-6E AV-8B F-14 F/A-18. General model so no (V) variants","Am stripping range determination ability, few ESM's can do this, most by processing multiple bearings over time and producing a form of TMA.","300","0.3","360","-90","90","3","GenericSensor","1","20","90","400000000","100000000000.0","0","1","1","1"
"ALR-69 RWR","","0","0","0","0","0","1900","2999","","","","","","Surveilance RWR, Sensitivity: 0.15, MaxRange: 150km, 0.4Ghz to 100Ghz          RWR for A-10 II AC-130 F-16 HH-53 MC-130 F-4E II","","150","0.15","360","-90","90","15","GenericSensor","1","20","90","400000000","100000000000.0","0","1","1","1"
"ALR-73 ESM","","0","0","0","0","0","1900","2999","","","","","","Surveilance RWR, Sensitivity: 1.8, MaxRange: 900km, 0.4Ghz to 100Ghz          E2-C esm system","","900","1.8","360","-90","90","5","GenericSensor","1","2","90","400000000","100000000000.0","0","1","1","1"
"ALR-76 ESM","","0","0","0","0","0","1900","2999","","","","","","Surveilance RWR, Sensitivity: 1.6, MaxRange: 900km, 0.4Ghz to 100Ghz","","900","1.6","360","-90","90","15","GenericSensor","1","4","90","400000000","100000000000.0","0","1","1","1"
"ALR-81 ESM","","0","0","0","0","0","1900","2999","","","","","","Surveilance RWR, Sensitivity: 1.2, MaxRange: 900km, 0.4Ghz to 100Ghz","","900","1.2","360","-90","90","15","GenericSensor","1","2","90","400000000","100000000000.0","0","1","1","1"
"ALR-94 RWR","","0","0","0","0","0","1900","2999","","","","","","Surveilance RWR, Sensitivity: 0.4, MaxRange: 400km, 0.4Ghz to 100Ghz          RWR for F-22","","400","0.4","360","-90","90","20","GenericSensor","1","10","90","400000000","100000000000.0","0","1","1","1"
"AYR-1","","0","0","","","","1900","2999","","","","","","Surveilance ESM, Sensitivity: 3.23, MaxRange: 400km, 0.4Ghz to 100Ghz          ESM E-3G","Marcos Viniegra","400","3.23","360","-60","60","5","GenericSensor","1","5","90","400000000","100000000000.0","0","1","1","0"
"APR-13 ESM","","0","0","0","0","0","1900","2999","","","","","","Surveilance ESM, Sensitivity: 0.4, MaxRange: 300km, 0.4Ghz to 100Ghz          Panoramic pulse receiver used on the EA-3A/B","I am assuming this to be an ESM","300","0.4","360","-90","90","10","GenericSensor","1","12","90","400000000","100000000000.0","0","1","1","0"
"APR-17 RWR","","0","0","0","0","0","1900","2999","","","","","","RWR, Sensitivity: 0.4, MaxRange: 150km, 0.4Ghz to 100Ghz          APR-17 RWR","","150","0.4","360","-90","90","5","GenericSensor","1","12","90","400000000","100000000000.0","0","1","0","1"
"APR-38 RHAW","","0","0","0","0","0","1900","2999","","","","","","Surveilance RWR, Sensitivity: 0.25, MaxRange: 250km, 0.4Ghz to 100Ghz","Copied and modifed from generic ESM-2.  This should be looked at sometime.","250","0.25","360","-90","90","2","GenericSensor","0.15","3","90","400000000","100000000000.0","0","1","1","1"
"APR-44 RWR","","0","0","0","0","0","1900","2999","","","","","","RWR, Sensitivity: 0.4, MaxRange: 150km, 0.4Ghz to 100Ghz          APR-44 Radar Warning Receiver","no data but started with APR-17 RWR entry","150","0.4","360","-90","90","5","GenericSensor","1","12","90","400000000","100000000000.0","0","1","0","1"
"APR-50 ESM","","0","0","0","0","0","1900","2999","","","","","","Surveilance RWR, Sensitivity: 0.4, MaxRange: 400km, 0.4Ghz to 100Ghz          B-2 defensive management suite ESM sensor","","400","0.4","360","-90","90","20","GenericSensor","1","3","90","400000000","100000000000.0","0","1","1","1"
"ARBR 16","","0","0","0","0","0","1900","2999","","","","","","Surveilance ESM, Sensitivity: 1.4, MaxRange: 700km, 0.4Ghz to 100Ghz","is a copy from the SLQ-32 entry except in angle error whichi s known to be 5-6Â°.","700","1.4","360","-90","90","5","GenericSensor","1","5.5","90","400000000","100000000000.0","0","1","1","0"
"ARBR 17","","0","0","0","0","0","1900","2999","","","","","","Surveilance ESM, Sensitivity: 0.2, MaxRange: 700km, 0.4Ghz to 100Ghz          ESM radar detection system","Copied and slightly degraded ARBR-21 info","700","0.2","360","0","45","10","GenericSensor","1","3","90","400000000","100000000000.0","0","1","1","0"
"ARBR 21","","0","0","0","0","0","1900","2999","","","","","","Surveilance ESM, Sensitivity: 0.25, MaxRange: 700km, 0.4Ghz to 100Ghz          ESM radar detection system","Naval Institute Guide to World Naval Systems: 0 deg to +45 deg elevation coverage, -68 dBm sensitivity. Reference range at 10 GHz is about 200 m for 0 dBi receive antenna.","700","0.25","360","0","45","5","GenericSensor","1","2.5","90","400000000","100000000000.0","0","1","1","0"
"AWARE-4","","0","0","","","","1900","2999","","","","","","Surveilance RWR, Sensitivity: 0.7, MaxRange: 150km, 0.4Ghz to 100Ghz          ESM SH-14D","Marcos Viniegra","150","0.7","360","-60","60","5","GenericSensor","1","10","90","400000000","100000000000.0","0","1","1","1"
"Baikal ESM","","0","0","0","0","0","1900","2999","","","","","","Surveilance RWR, Sensitivity: 6.4, MaxRange: 450km, 0.4Ghz to 100Ghz          ESM/RWR component of Baikal inegrated EW system installed aboard Russian Tu-160 Blackjack bomber.","Contributed by greengills","450","6.4","360","-90","90","3","GenericSensor","1","1.5","90","400000000","100000000000.0","0","1","1","1"
"Bell Shroud","","0","0","0","0","0","1900","2999","","","","","","Surveilance ESM, Sensitivity: 0.75, MaxRange: 375km, 0.4Ghz to 100Ghz          Top Plate level esm","","375","0.75","360","-90","90","20","GenericSensor","1","3","90","400000000","100000000000.0","0","1","1","0"
"BLQ-10(V)2","","0","0","0","0","0","1900","2999","","","","","","Surveilance ESM, Sensitivity: 0.35, MaxRange: 350km, 0.4Ghz to 100Ghz","","350","0.35","360","-90","90","14","GenericSensor","1","5","90","400000000","100000000000.0","0","0.5","1","0"
"BM/HZ-8610","","0","0","0","0","0","1900","2999","","","","","","Surveilance ESM, Sensitivity: 0.89, MaxRange: 200km, 0.4Ghz to 100Ghz          ESM equipment installed aboard a number of Chinese surface combatants","Contributed by greengills","200","0.89","360","-10","30","2","GenericSensor","1","2.5","90","400000000","100000000000.0","0","1","1","0"
"BM/KZ-8608","","0","0","0","0","0","1900","2999","","","","","","Surveilance RWR, Sensitivity: 28.2, MaxRange: 2000km, 0.4Ghz to 100Ghz          ESM equipment installed aboard Chinese Y-8DZ 'High New II' ELINT aircraft.","Contributed by greengills","2000","28.2","360","-90","90","4","GenericSensor","1","3","90","400000000","100000000000.0","0","1","1","1"
"Bukhta ESM","Bald Head ESM","0","0","0","0","0","1900","2999","","","","","","Surveilance ESM, Sensitivity: 0.6, MaxRange: 300km, 0.4Ghz to 18Ghz","","300","0.6","360","-90","90","30","GenericSensor","1","4","90","400000000","18000000000","0","1","1","0"
"C-Pearl ESM","","0","0","0","0","0","1900","2999","","","","","","Surveilance ESM, Sensitivity: 16, MaxRange: 800km, 0.4Ghz to 100Ghz          Rafael-designed ESM system installed aboard Australian Adelaide Class FFG.","Contributed by greengills","800","16","360","-90","90","5","GenericSensor","1","3","90","400000000","100000000000.0","0","1","1","0"
"Centaur ESM","","0","0","0","0","0","1900","2999","","","","","","Surveilance ESM, Sensitivity: 0.89, MaxRange: 200km, 0.4Ghz to 100Ghz          Upgraded Thales Sceptre ESM system installed aboard Australian ANZAC Class FFH.","Contributed by greengills","200","0.89","360","-10","30","5","GenericSensor","1","2","90","400000000","100000000000.0","0","1","1","0"
"Clay Brick","","0","0","0","0","0","1900","2999","","","","","","Surveilance ESM, Sensitivity: 0.48, MaxRange: 240km, 0.4Ghz to 100Ghz          Plank Shave level esm","","240","0.48","360","-90","90","20","GenericSensor","1","3","90","400000000","100000000000.0","0","1","1","0"
"Cross Loop","","0","0","0","0","0","1900","2999","","","","","","Surveilance ESM, Sensitivity: 0.2, MaxRange: 97.5km, 0.4Ghz to 100Ghz          Don 2 level esm","","97.5","0.2","360","-90","90","20","GenericSensor","1","10","90","400000000","100000000000.0","0","1","1","0"
"CS-3701 ESM","","0","0","0","0","0","1900","2999","","","","","","Surveilance ESM, Sensitivity: 0.25, MaxRange: 500km, 0.00042Ghz to 0.0177Ghz          Condor CS-3701 ESM","Assumed broadly equivalent to SLQ-32, thus same frequency range, and peak sensitivity.","500","0.25","360","-90","80","5","GenericSensor","1","5.3","90","420000","17700000","0","1","1","0"
"DASS-ESM","","0","0","0","0","0","1900","2999","","","","","","Surveilance RWR, Sensitivity: 1.8, MaxRange: 200km, 0.4Ghz to 100Ghz          Eurofighter ESM system for Defensive Aids SubSystem","wild guess","200","1.8","360","-90","90","12","GenericSensor","1","6","90","400000000","100000000000.0","0","1","1","1"
"DR-2000U","","0","0","","","","1900","2999","","","","","","Surveilance RWR, Sensitivity: 0.29, MaxRange: 100km, 0.4Ghz to 100Ghz          ESM limitado","Marcos Viniegra","100","0.29","360","-30","30","2","GenericSensor","1","6","90","400000000","100000000000.0","0","1","1","1"
"ELINT Persuader","","0","0","","","","1900","2999","","","","","","Surveilance ESM, Sensitivity: 2.23, MaxRange: 500km, 0.4Ghz to 100Ghz          ELINT Persuader","Marcos Viniegra","500","2.23","360","-45","45","5","GenericSensor","1","3","90","400000000","100000000000.0","0","1","1","0"
"ELINT Prometeo","","0","0","","","","1900","2999","","","","","","Surveilance ESM, Sensitivity: 2.23, MaxRange: 300km, 0.4Ghz to 100Ghz          ELINT Falcon-20DC Prometeo","Marcos Viniegra","300","2.23","360","-60","60","10","GenericSensor","1","5","90","400000000","100000000000.0","0","1","1","0"
"ELINT","","0","0","","","","1900","2999","","","","","","Surveilance ESM, Sensitivity: 5, MaxRange: 1000km, 0.4Ghz to 100Ghz          ELINT San Andres","Marcos Viniegra","1000","5","360","-10","60","20","GenericSensor","1","4","90","400000000","100000000000.0","0","1","1","0"
"ELT-156X RWR","","0","0","0","0","0","1900","2999","","","","","","Surveilance RWR, Sensitivity: 0.5, MaxRange: 200km, 0.4Ghz to 100Ghz          Radar warning receiver","Started with F-22 RWR and degraded. (V2) is version for helicopters but didnt make a separate version--don't have data to distinguish one from the other","200","0.5","360","-90","90","10","GenericSensor","1","20","90","400000000","100000000000.0","0","1","1","1"
"ES-3701 ESM","","0","0","0","0","0","1900","2999","","","","","","Surveilance RWR, Sensitivity: 16, MaxRange: 800km, 0.4Ghz to 100Ghz          ITT Corporation-designed ESM system installed aboard Australian Collins Class SSK and Hobart Class DDG.","Contributed by greengills","800","16","360","-90","90","3","GenericSensor","1","2","90","400000000","100000000000.0","0","1","1","1"
"ESM-0.5","","0","0","0","0","0","1900","2999","","","","","","Surveilance ESM, Sensitivity: 0.1, MaxRange: 50km, 0.4Ghz to 100Ghz          Generic 50 km range ESM","","50","0.1","360","-90","90","5","GenericSensor","1","2.5","90","400000000","100000000000.0","0","1","1","0"
"ESM-1","","0","0","0","0","0","1900","2999","","","","","","Surveilance ESM, Sensitivity: 0.2, MaxRange: 100km, 0.4Ghz to 100Ghz          Generic 100 km range ESM","","100","0.2","360","-90","90","5","GenericSensor","1","2.5","90","400000000","100000000000.0","0","1","1","0"
"ESM-1.5","","0","0","0","0","0","1900","2999","","","","","","Surveilance ESM, Sensitivity: 0.3, MaxRange: 150km, 0.4Ghz to 100Ghz          Generic 150 km range ESM","","150","0.3","360","-90","90","5","GenericSensor","1","2.5","90","400000000","100000000000.0","0","1","1","0"
"ESM-11","","0","0","0","0","0","1900","2999","","","","","","Surveilance ESM, Sensitivity: 2.2, MaxRange: 1100km, 0.4Ghz to 100Ghz          Generic 1100 km range ESM","","1100","2.2","360","-90","90","5","GenericSensor","1","2.5","90","400000000","100000000000.0","0","1","1","0"
"ESM-12","","0","0","0","0","0","1900","2999","","","","","","Surveilance ESM, Sensitivity: 2.4, MaxRange: 1200km, 0.4Ghz to 100Ghz          Generic 1200 km range ESM","","1200","2.4","360","-90","90","5","GenericSensor","1","2.5","90","400000000","100000000000.0","0","1","1","0"
"ESM-2","","0","0","0","0","0","1900","2999","","","","","","Surveilance ESM, Sensitivity: 0.4, MaxRange: 200km, 0.4Ghz to 100Ghz          Generic 200 km range ESM","","200","0.4","360","-90","90","5","GenericSensor","1","2.5","90","400000000","100000000000.0","0","1","1","0"
"ESM-2.5","","0","0","0","0","0","1900","2999","","","","","","Surveilance ESM, Sensitivity: 0.5, MaxRange: 250km, 0.4Ghz to 100Ghz          Generic 250 km range ESM","","250","0.5","360","-90","90","5","GenericSensor","1","2.5","90","400000000","100000000000.0","0","1","1","0"
"ESM-3","","0","0","0","0","0","1900","2999","","","","","","Surveilance ESM, Sensitivity: 0.6, MaxRange: 300km, 0.4Ghz to 100Ghz          Generic 300 km range ESM","","300","0.6","360","-90","90","5","GenericSensor","1","2.5","90","400000000","100000000000.0","0","1","1","0"
"ESM-3.5","","0","0","0","0","0","1900","2999","","","","","","Surveilance ESM, Sensitivity: 0.7, MaxRange: 350km, 0.4Ghz to 100Ghz          Generic 350 km range ESM","","350","0.7","360","-90","90","5","GenericSensor","1","2.5","90","400000000","100000000000.0","0","1","1","0"
"ESM-4","","0","0","0","0","0","1900","2999","","","","","","Surveilance ESM, Sensitivity: 0.8, MaxRange: 400km, 0.4Ghz to 100Ghz          Generic 400 km range ESM","","400","0.8","360","-90","90","5","GenericSensor","1","2.5","90","400000000","100000000000.0","0","1","1","0"
"ESM-4.5","","0","0","0","0","0","1900","2999","","","","","","Surveilance ESM, Sensitivity: 0.9, MaxRange: 450km, 0.4Ghz to 100Ghz          Generic 450 km range ESM","","450","0.9","360","-90","90","5","GenericSensor","1","2.5","90","400000000","100000000000.0","0","1","1","0"
"ESM-5","","0","0","0","0","0","1900","2999","","","","","","Surveilance ESM, Sensitivity: 1, MaxRange: 500km, 0.4Ghz to 100Ghz          Generic 500 km range ESM","","500","1","360","-90","90","5","GenericSensor","1","2.5","90","400000000","100000000000.0","0","1","1","0"
"ESM-5.5","","0","0","0","0","0","1900","2999","","","","","","Surveilance ESM, Sensitivity: 1.1, MaxRange: 550km, 0.4Ghz to 100Ghz          Generic 550 km range ESM","","550","1.1","360","-90","90","5","GenericSensor","1","2.5","90","400000000","100000000000.0","0","1","1","0"
"ESM-6","","0","0","0","0","0","1900","2999","","","","","","Surveilance ESM, Sensitivity: 1.2, MaxRange: 600km, 0.4Ghz to 100Ghz          Generic 600 km range ESM","","600","1.2","360","-90","90","5","GenericSensor","1","2.5","90","400000000","100000000000.0","0","1","1","0"
"ESM-7.5","","0","0","0","0","0","1900","2999","","","","","","Surveilance ESM, Sensitivity: 1.5, MaxRange: 750km, 0.4Ghz to 100Ghz          Generic 750 km range ESM","","750","1.5","360","-90","90","5","GenericSensor","1","2.5","90","400000000","100000000000.0","0","1","1","0"
"ESM-8","","0","0","0","0","0","1900","2999","","","","","","Surveilance ESM, Sensitivity: 1.6, MaxRange: 800km, 0.4Ghz to 100Ghz          Generic 800 km range ESM","","800","1.6","360","-90","90","5","GenericSensor","1","2.5","90","400000000","100000000000.0","0","1","1","0"
"ESM-A","","0","0","0","0","0","1900","2999","","","","","","Surveilance ESM, Sensitivity: 0.2, MaxRange: 100km, 0.4Ghz to 100Ghz          Generic 100 km range ESM","","100","0.2","360","-90","90","12","GenericSensor","1","2.5","90","400000000","100000000000.0","0","1","1","0"
"ESM-D","","0","0","0","0","0","1900","2999","","","","","","Surveilance ESM, Sensitivity: 0.8, MaxRange: 400km, 0.4Ghz to 100Ghz          Generic 400 km range ESM","","400","0.8","360","-90","90","22","GenericSensor","1","2.5","90","400000000","100000000000.0","0","1","1","0"
"ESM-TEST","","0","0","0","0","0","1900","2999","","","","","","Surveilance ESM, Sensitivity: 0.8, MaxRange: 400km, 0.4Ghz to 100Ghz          ESM with no azimuth estimation error. Test only","","400","0.8","360","-90","90","5","GenericSensor","1","0","90","400000000","100000000000.0","0","1","1","0"
"Flat Track ESM","","0","0","0","0","0","1900","2999","","","","","","Surveilance RWR, Sensitivity: 18, MaxRange: 950km, 0.4Ghz to 100Ghz          ESM system installed aboard Admiral Kuznetsov and Admiral Zheng CVNs.","Contributed by greengills","950","18","360","-90","90","5","GenericSensor","1","3","90","400000000","100000000000.0","0","1","1","1"
"Foot Ball ESM","","0","0","0","0","0","1900","2999","","","","","","Surveilance ESM, Sensitivity: 1, MaxRange: 500km, 0.4Ghz to 100Ghz          (Manufacture name unknown) Sovremenny ESM","","500","1","360","-90","90","15","GenericSensor","1","3","90","400000000","100000000000.0","0","1","1","0"
"Half Hat","","0","0","0","0","0","1900","2999","","","","","","Surveilance ESM, Sensitivity: 0.72, MaxRange: 360km, 0.4Ghz to 100Ghz          Peel Pair level esm","","360","0.72","360","-90","90","10","GenericSensor","1","3","90","400000000","100000000000.0","0","1","1","0"
"HARM Seeker","","0","0","0","0","0","1900","2999","","","","","","ESM, Sensitivity: 1, MaxRange: 50km, 0.04Ghz to 180Ghz          HARM passive seeker","","50","1","120","-90","90","1","GenericSensor","0","0","90","40000000","180000000000.0","0","1","0","0"
"Kh-15P Seeker","","0","0","0","0","0","1900","2999","","","","","","ESM, Sensitivity: 1, MaxRange: 40km, 0.4Ghz to 100Ghz          Kh-15P ARM passive seeker","","40","1","120","-90","90","5","GenericSensor","0","0","90","400000000","100000000000.0","0","0.8","0","0"
"Kh-22MP Seeker","","0","0","0","0","0","1900","2999","","","","","","ESM, Sensitivity: 1, MaxRange: 40km, 0.4Ghz to 100Ghz          Kh-22MP ARM passive seeker","","40","1","120","-90","90","5","GenericSensor","0","0","90","400000000","100000000000.0","0","1","0","0"
"Kh-25MP Seeker","","0","0","0","0","0","1900","2999","","","","","","ESM, Sensitivity: 1, MaxRange: 40km, 0.4Ghz to 100Ghz          Kh-25MP ARM passive seeker","","40","1","120","-90","90","5","GenericSensor","0","0","90","400000000","100000000000.0","0","1","0","0"
"Kh-31P Seeker","","0","0","0","0","0","1900","2999","","","","","","ESM, Sensitivity: 1, MaxRange: 110km, 0.4Ghz to 100Ghz          Kh-31P ARM passive seeker","","110","1","120","-90","90","5","GenericSensor","0","0","90","400000000","100000000000.0","0","1","0","0"
"Kremlin 2 ESM","Rim Hat ESM","0","0","0","0","0","1900","2999","","","","","","Surveilance ESM, Sensitivity: 0.7, MaxRange: 350km, 0.4Ghz to 100Ghz","","350","0.7","360","-90","90","14","GenericSensor","1","3","90","400000000","100000000000.0","0","0.5","1","0"
"L-150","","0","0","","","","1900","2999","","","","","","Surveilance RWR, Sensitivity: 0.7, MaxRange: 200km, 0.4Ghz to 100Ghz          RWR Su-30MK2","Marcos Viniegra","200","0.7","360","-45","45","1","GenericSensor","1","5","90","400000000","100000000000.0","0","1","1","1"
"LAMBDA-F MAE","","0","0","","","","1900","2999","","","","","","Surveilance RWR, Sensitivity: 0.7, MaxRange: 100km, 0.4Ghz to 100Ghz          LAMBDA-F MAE","Marcos Viniegra","100","0.7","360","0","45","10","GenericSensor","1","15","90","400000000","100000000000.0","0","1","1","1"
"MIM-104 Passive Seeker","","0","0","0","0","0","1900","2999","","","","","","ESM, Sensitivity: 25, MaxRange: 30km, 0.4Ghz to 100Ghz          MIM-104 passive","","30","25","120","-60","60","0.5","GenericSensor","0.03","6.19","4.13","400000000","100000000000.0","0","1","0","0"
"MPQ-53 Passive","","0","0","0","0","0","1900","2999","","","","","","Surveilance RWR, Sensitivity: 25, MaxRange: 340km, 0.4Ghz to 100Ghz          MPQ-53 passive","","340","25","360","-90","90","3","GenericSensor","1","1","0.1","400000000","100000000000.0","0","1","1","1"
"NGDS","","0","0","0","0","0","1900","2999","","","","","","Surveilance ESM, Sensitivity: 1.4, MaxRange: 700km, 0.4Ghz to 100Ghz","is a copy from the ARBR 16 entry.","700","1.4","360","-90","90","5","GenericSensor","1","5.5","90","400000000","100000000000.0","0","1","1","0"
"NOLQ-2","","0","0","0","0","0","1900","2999","","","","","","Surveilance ESM, Sensitivity: 0.28, MaxRange: 560km, 0.4Ghz to 17.7Ghz","","560","0.28","360","-90","75","30","GenericSensor","1","8","90","400000000","17700000000","0","1","1","0"
"NOLQ-3","","0","0","0","0","0","1900","2999","","","","","","Surveilance ESM, Sensitivity: 0.35, MaxRange: 6400km, 0.4Ghz to 20Ghz","","640","0.35","360","-90","90","20","GenericSensor","1","3","90","400000000","20000000000","0","1","1","0"
"NS9003A-V2","","0","0","","","","1900","2999","","","","","","Surveilance ESM, Sensitivity: 3.23, MaxRange: 500km, 0.4Ghz to 100Ghz          ESM Mariscal Sucre Mod","Marcos Viniegra","500","3.23","360","-60","60","5","GenericSensor","1","3","90","400000000","100000000000.0","0","1","1","0"
"Rum Tub","","0","0","0","0","0","1900","2999","","","","","","Surveilance ESM, Sensitivity: 1.05, MaxRange: 525km, 0.4Ghz to 100Ghz          skywatch level esm. MP-404","","525","1.05","360","-90","90","20","GenericSensor","1","3","90","400000000","100000000000.0","0","1","1","0"
"RWR SuE","","0","0","0","0","0","1900","2999","","","","","","Surveilance RWR, Sensitivity: 0.2, MaxRange: 250km, 0.4Ghz to 100Ghz          Radar warning receiver (RWR) for Super Etendard","Copied ALR-50 no data available","250","0.2","360","-90","90","4","GenericSensor","1","25","90","400000000","100000000000.0","0","1.25","1","1"
"RWR-1.5","","0","0","0","0","0","1900","2999","","","","","","Surveilance RWR, Sensitivity: 0.15, MaxRange: 150km, 0.4Ghz to 100Ghz          Generic 150km RWR.  Based off ALR-67","","150","0.15","360","-90","90","3","GenericSensor","1","30","90","400000000","100000000000.0","0","1","1","1"
"RWR-3","","0","0","0","0","0","1900","2999","","","","","","Surveilance RWR, Sensitivity: 0.3, MaxRange: 300km, 0.4Ghz to 100Ghz          Generic 300km RWR.  Based off ALR-67","","300","0.3","360","-90","90","3","GenericSensor","1","30","90","400000000","100000000000.0","0","1","1","1"
"RWR-4.5","","0","0","0","0","0","1900","2999","","","","","","Surveilance RWR, Sensitivity: 0.45, MaxRange: 450km, 0.4Ghz to 100Ghz          Generic 450km RWR.  Based off ALR-67","","450","0.45","360","-90","90","3","GenericSensor","1","15","90","400000000","100000000000.0","0","1","1","1"
"SLQ-32 Equivalent","","0","0","0","0","0","1900","2999","","","","","","Surveilance ESM, Sensitivity: 1.4, MaxRange: 700km, 0.4Ghz to 100Ghz","I am using this ESm as a stand in for those ships that i do not know which ESM they use, but trust it to be quite sensitive.","700","1.4","360","-90","90","5","GenericSensor","1","3","90","400000000","100000000000.0","0","1","1","0"
"SLQ-32 ESM","","0","0","0","0","0","1900","2999","","","","","","Surveilance ESM, Sensitivity: 0.25, MaxRange: 700km, 0.4Ghz to 100Ghz          Slick 32 ESM system","","700","0.25","360","-90","60","10","GenericSensor","1","3","90","400000000","100000000000.0","0","1","1","0"
"SLQ-32(V)","","0","0","0","0","0","1900","2999","","","","","","Surveilance ESM, Sensitivity: 1.4, MaxRange: 700km, 0.4Ghz to 100Ghz          SPS-49 level ESM","","700","1.4","360","-90","90","5","GenericSensor","1","3","90","400000000","100000000000.0","0","1","1","0"
"SLQ-32(v)1 ESM B.3","","0","0","0","0","0","1900","2999","","","","","","Surveilance ESM, Sensitivity: 0.2, MaxRange: 300km, 6Ghz to 17.7Ghz          SLQ-32 ESM, Band 3 only, H, I, J bands detected.  Generally only capable of missile warning.","","300","0.2","360","-90","60","10","GenericSensor","1","5.3","90","6000000000","17700000000","0","1","1","0"
"SLQ-32(v)2 ESM B.1","","0","0","0","0","0","1900","2999","","","","","","Surveilance ESM, Sensitivity: 0.25, MaxRange: 700km, 0.42Ghz to 1.39Ghz          SLQ-32 ESM, Band 1, 2 and 3, B, C, D, E, F, G, H, I bands detected.  Capable of detecting emissions from virtually all aircraft and missiles.  This is the Band 1 Detector.","","700","0.25","360","-90","60","30","GenericSensor","1","20","90","420000000","1390000000","0","1","1","0"
"SLQ-32(v)2 ESM B.2","","0","0","0","0","0","1900","2999","","","","","","Surveilance ESM, Sensitivity: 0.2, MaxRange: 500km, 2.305Ghz to 8.5Ghz          SLQ-32 ESM, Band 1, 2 and 3, B, C, D, E, F, G, H, I bands detected.  Capable of detecting emissions from virtually all aircraft and missiles.  This is the Band 2 Detector.","","500","0.2","360","-90","60","20","GenericSensor","1","10","90","2305000000","8500000000","0","1","1","0"
"SLQ-32(v)2 ESM B.3","","0","0","0","0","0","1900","2999","","","","","","Surveilance ESM, Sensitivity: 0.2, MaxRange: 300km, 6Ghz to 17.7Ghz          SLQ-32 ESM, Band 1, 2 and 3, B, C, D, E, F, G, H, I bands detected.  Capable of detecting emissions from virtually all aircraft and missiles.  This is the Band 3 Detector.","","300","0.2","360","-90","60","10","GenericSensor","1","5.3","90","6000000000","17700000000","0","1","1","0"
"SLQ-32(v)3 ESM B.1","","0","0","0","0","0","1900","2999","","","","","","Surveilance ESM, Sensitivity: 0.25, MaxRange: 700km, 0.42Ghz to 1.39Ghz          SLQ-32 ESM, Band 1, 2 and 3, B, C, D, E, F, G, H, I bands detected.  Capable of detecting emissions from virtually all aircraft and missiles.  This is the Band 1 Detector.  This version is paired with the Sidekick jammer.","","700","0.25","360","-90","60","30","GenericSensor","1","20","90","420000000","1390000000","0","1","1","0"
"SLQ-32(v)3 ESM B.2","","0","0","0","0","0","1900","2999","","","","","","Surveilance ESM, Sensitivity: 0.2, MaxRange: 500km, 2.305Ghz to 8.5Ghz          SLQ-32 ESM, Band 1, 2 and 3, B, C, D, E, F, G, H, I bands detected.  Capable of detecting emissions from virtually all aircraft and missiles.  This is the Band 2 Detector.  This version is paired with the Sidekick jammer.","","500","0.2","360","-90","60","20","GenericSensor","1","10","90","2305000000","8500000000","0","1","1","0"
"SLQ-32(v)3 ESM B.3","","0","0","0","0","0","1900","2999","","","","","","Surveilance ESM, Sensitivity: 0.2, MaxRange: 300km, 6Ghz to 17.7Ghz          SLQ-32 ESM, Band 1, 2 and 3, B, C, D, E, F, G, H, I bands detected.  Capable of detecting emissions from virtually all aircraft and missiles.  This is the Band 3 Detector.  This version is paired with the Sidekick jammer.","","300","0.2","360","-90","60","10","GenericSensor","1","5.3","90","6000000000","17700000000","0","1","1","0"
"SLQ-32(v)4 ESM B.1","","0","0","0","0","0","1900","2999","","","","","","Surveilance ESM, Sensitivity: 0.25, MaxRange: 700km, 0.42Ghz to 1.39Ghz          SLQ-32 ESM, Band 1, 2 and 3, B, C, D, E, F, G, H, I bands detected.  Capable of detecting emissions from virtually all aircraft and missiles.  This is the Band 1 Detector.  This version uses Digital systems to improve processing speed dramatically","","700","0.25","360","-90","60","15","GenericSensor","1","20","90","420000000","1390000000","0","1","1","0"
"SLQ-32(v)4 ESM B.2","","0","0","0","0","0","1900","2999","","","","","","Surveilance ESM, Sensitivity: 0.2, MaxRange: 500km, 2.305Ghz to 8.5Ghz          SLQ-32 ESM, Band 1, 2 and 3, B, C, D, E, F, G, H, I bands detected.  Capable of detecting emissions from virtually all aircraft and missiles.  This is the Band 2 Detector.  This version uses Digital systems to improve processing speed dramatically","","500","0.2","360","-90","60","10","GenericSensor","1","10","90","2305000000","8500000000","0","1","1","0"
"SLQ-32(v)4 ESM B.3","","0","0","0","0","0","1900","2999","","","","","","Surveilance ESM, Sensitivity: 0.2, MaxRange: 300km, 6Ghz to 177Ghz          SLQ-32 ESM, Band 1, 2 and 3, B, C, D, E, F, G, H, I bands detected.  Capable of detecting emissions from virtually all aircraft and missiles.  This is the Band 3 Detector.  This version uses Digital systems to improve processing speed dramatically","","300","0.2","360","-90","60","5","GenericSensor","1","5.3","90","6000000000","177000000000.0","0","1","1","0"
"SLQ-32(v)5 ESM B.1","","0","0","0","0","0","1900","2999","","","","","","Surveilance ESM, Sensitivity: 0.25, MaxRange: 700km, 0.42Ghz to 1.39Ghz          SLQ-32 ESM, Band 1, 2 and 3, B, C, D, E, F, G, H, I bands detected.  Capable of detecting emissions from virtually all aircraft and missiles.  This is the Band 1 Detector.","","700","0.25","360","-90","60","30","GenericSensor","1","20","90","420000000","1390000000","0","1","1","0"
"SLQ-32(v)5 ESM B.2","","0","0","0","0","0","1900","2999","","","","","","Surveilance ESM, Sensitivity: 0.2, MaxRange: 500km, 2.305Ghz to 8.5Ghz          SLQ-32 ESM, Band 1, 2 and 3, B, C, D, E, F, G, H, I bands detected.  Capable of detecting emissions from virtually all aircraft and missiles.  This is the Band 2 Detector.","","500","0.2","360","-90","60","20","GenericSensor","1","10","90","2305000000","8500000000","0","1","1","0"
"SLQ-32(v)5 ESM B.3","","0","0","0","0","0","1900","2999","","","","","","Surveilance ESM, Sensitivity: 0.2, MaxRange: 300km, 6Ghz to 177Ghz          SLQ-32 ESM, Band 1, 2 and 3, B, C, D, E, F, G, H, I bands detected.  Capable of detecting emissions from virtually all aircraft and missiles.  This is the Band 3 Detector.","","300","0.2","360","-90","60","10","GenericSensor","1","5.3","90","6000000000","177000000000.0","0","1","1","0"
"SLQ-32A(v)1 ESM B.3","","0","0","0","0","0","1900","2999","","","","","","Surveilance ESM, Sensitivity: 0.25, MaxRange: 300km, 6Ghz to 17.7Ghz          SLQ-32 ESM, Band 3 only, H, I, J bands detected.  Generally only capable of missile warning.","","300","0.25","360","-90","80","10","GenericSensor","1","5.3","90","6000000000","17700000000","0","1","1","0"
"SLQ-32A(v)2 ESM B.1","","0","0","0","0","0","1900","2999","","","","","","Surveilance ESM, Sensitivity: 0.25, MaxRange: 700km, 0.42Ghz to 1.39Ghz          SLQ-32 ESM, Band 1, 2 and 3, B, C, D, E, F, G, H, I bands detected.  Capable of detecting emissions from virtually all aircraft and missiles.  This is the Band 1 Detector.","","700","0.25","360","-90","60","15","GenericSensor","1","20","90","420000000","1390000000","0","1","1","0"
"SLQ-32A(v)2 ESM B.2","","0","0","0","0","0","1900","2999","","","","","","Surveilance ESM, Sensitivity: 0.2, MaxRange: 500km, 2.305Ghz to 8.5Ghz          SLQ-32 ESM, Band 1, 2 and 3, B, C, D, E, F, G, H, I bands detected.  Capable of detecting emissions from virtually all aircraft and missiles.  This is the Band 2 Detector.","","500","0.2","360","-90","60","10","GenericSensor","1","10","90","2305000000","8500000000","0","1","1","0"
"SLQ-32A(v)2 ESM B.3","","0","0","0","0","0","1900","2999","","","","","","Surveilance ESM, Sensitivity: 0.25, MaxRange: 300km, 6Ghz to 177Ghz          SLQ-32 ESM, Band 1, 2 and 3, B, C, D, E, F, G, H, I bands detected.  Capable of detecting emissions from virtually all aircraft and missiles.  This is the Band 3 Detector.","","300","0.25","360","-90","80","5","GenericSensor","1","5.3","90","6000000000","177000000000.0","0","1","1","0"
"SLQ-32A(v)3 ESM B.1","","0","0","0","0","0","1900","2999","","","","","","Surveilance ESM, Sensitivity: 0.25, MaxRange: 700km, 0.42Ghz to 1.39Ghz          SLQ-32 ESM, Band 1, 2 and 3, B, C, D, E, F, G, H, I bands detected.  Capable of detecting emissions from virtually all aircraft and missiles.  This is the Band 1 Detector.  This version is paired with the Sidekick jammer.","","700","0.25","360","-90","60","15","GenericSensor","1","20","90","420000000","1390000000","0","1","1","0"
"SLQ-32A(v)3 ESM B.2","","0","0","0","0","0","1900","2999","","","","","","Surveilance ESM, Sensitivity: 0.2, MaxRange: 500km, 2.305Ghz to 8.5Ghz          SLQ-32 ESM, Band 1, 2 and 3, B, C, D, E, F, G, H, I bands detected.  Capable of detecting emissions from virtually all aircraft and missiles.  This is the Band 2 Detector.  This version is paired with the Sidekick jammer.","","500","0.2","360","-90","60","10","GenericSensor","1","10","90","2305000000","8500000000","0","1","1","0"
"SLQ-32A(v)3 ESM B.3","","0","0","0","0","0","1900","2999","","","","","","Surveilance ESM, Sensitivity: 0.25, MaxRange: 300km, 6Ghz to 177Ghz          SLQ-32 ESM, Band 1, 2 and 3, B, C, D, E, F, G, H, I bands detected.  Capable of detecting emissions from virtually all aircraft and missiles.  This is the Band 3 Detector.  This version is paired with the Sidekick jammer.","","300","0.25","360","-90","80","5","GenericSensor","1","5.3","90","6000000000","177000000000.0","0","1","1","0"
"SLQ-32A(v)4 ESM B.1","","0","0","0","0","0","1900","2999","","","","","","Surveilance ESM, Sensitivity: 0.25, MaxRange: 700km, 0.42Ghz to 1.39Ghz          SLQ-32 ESM, Band 1, 2 and 3, B, C, D, E, F, G, H, I bands detected.  Capable of detecting emissions from virtually all aircraft and missiles.  This is the Band 1 Detector.  This version uses Digital systems to improve processing speed dramatically","","700","0.25","360","-90","60","7.5","GenericSensor","1","20","90","420000000","1390000000","0","1","1","0"
"SLQ-32A(v)4 ESM B.2","","0","0","0","0","0","1900","2999","","","","","","Surveilance ESM, Sensitivity: 0.2, MaxRange: 500km, 2.305Ghz to 8.5Ghz          SLQ-32 ESM, Band 1, 2 and 3, B, C, D, E, F, G, H, I bands detected.  Capable of detecting emissions from virtually all aircraft and missiles.  This is the Band 2 Detector.  This version uses Digital systems to improve processing speed dramatically","","500","0.2","360","-90","60","5","GenericSensor","1","10","90","2305000000","8500000000","0","1","1","0"
"SLQ-32A(v)4 ESM B.3","","0","0","0","0","0","1900","2999","","","","","","Surveilance ESM, Sensitivity: 0.25, MaxRange: 300km, 6Ghz to 177Ghz          SLQ-32 ESM, Band 1, 2 and 3, B, C, D, E, F, G, H, I bands detected.  Capable of detecting emissions from virtually all aircraft and missiles.  This is the Band 3 Detector.  This version uses Digital systems to improve processing speed dramatically","","300","0.25","360","-90","80","2.5","GenericSensor","1","5.3","90","6000000000","177000000000.0","0","1","1","0"
"SLQ-32A(v)5 ESM B.1","","0","0","0","0","0","1900","2999","","","","","","Surveilance ESM, Sensitivity: 0.25, MaxRange: 700km, 0.42Ghz to 1.39Ghz          SLQ-32 ESM, Band 1, 2 and 3, B, C, D, E, F, G, H, I bands detected.  Capable of detecting emissions from virtually all aircraft and missiles.  This is the Band 1 Detector.","","700","0.25","360","-90","60","15","GenericSensor","1","20","90","420000000","1390000000","0","1","1","0"
"SLQ-32A(v)5 ESM B.2","","0","0","0","0","0","1900","2999","","","","","","Surveilance ESM, Sensitivity: 0.2, MaxRange: 500km, 2.305Ghz to 8.5Ghz          SLQ-32 ESM, Band 1, 2 and 3, B, C, D, E, F, G, H, I bands detected.  Capable of detecting emissions from virtually all aircraft and missiles.  This is the Band 2 Detector.","","500","0.2","360","-90","60","10","GenericSensor","1","10","90","2305000000","8500000000","0","1","1","0"
"SLQ-32A(v)5 ESM B.3","","0","0","0","0","0","1900","2999","","","","","","Surveilance ESM, Sensitivity: 0.25, MaxRange: 300km, 6Ghz to 177Ghz          SLQ-32 ESM, Band 1, 2 and 3, B, C, D, E, F, G, H, I bands detected.  Capable of detecting emissions from virtually all aircraft and missiles.  This is the Band 3 Detector.","","300","0.25","360","-90","80","5","GenericSensor","1","5.3","90","6000000000","177000000000.0","0","1","1","0"
"SLQ-501 ESM","","0","0","0","0","0","1900","2999","","","","","","Surveilance ESM, Sensitivity: 1.4, MaxRange: 700km, 0.4Ghz to 100Ghz          Canadian Electronic Warfare System","","700","1.4","360","-90","90","5","GenericSensor","1","3","90","400000000","100000000000.0","0","1","1","0"
"SPECTRA ELINT","","0","0","0","0","0","1900","2999","","","","","","Surveilance ESM, Sensitivity: 0.3, MaxRange: 500km, 0.4Ghz to 100Ghz          ELINT receiver system for Rafale","Added this as longer scan period and longer range version of SPECTRA RWR","500","0.3","360","-80","80","30","GenericSensor","1","6","90","400000000","100000000000.0","0","1","1","0"
"SPECTRA ESM","","0","0","0","0","0","1900","2999","","","","","","Surveilance RWR, Sensitivity: 1.4, MaxRange: 700km, 0.4Ghz to 100Ghz          RWR and Elint for Rafale.","","700","1.4","360","-90","90","5","GenericSensor","1","6","90","400000000","100000000000.0","0","1","1","1"
"SPECTRA RWR","","0","0","0","0","0","1900","2999","","","","","","Surveilance RWR, Sensitivity: 0.3, MaxRange: 250km, 0.4Ghz to 100Ghz          Radar warning receiver (RWR) ESM for Rafale","","250","0.3","360","-80","80","3","GenericSensor","1","6","90","400000000","100000000000.0","0","1","1","1"
"SPO-10 Serena RHAWS","","0","0","0","0","0","1900","2999","","","","","","Surveilance RWR, Sensitivity: 0.2, MaxRange: 300km, 0.4Ghz to 100Ghz          RWR used as generic for Russian aircraft","","300","0.2","360","-90","90","30","GenericSensor","1","20","90","400000000","100000000000.0","0","1","1","1"
"SPO-15 RWR","","0","0","0","0","0","1900","2999","","","","","","Surveilance RWR, Sensitivity: 0.3, MaxRange: 300km, 0.4Ghz to 100Ghz          RWR used as generic for Russian aircraft","","300","0.3","360","-90","90","30","GenericSensor","1","20","90","400000000","100000000000.0","0","1","1","1"
"SPO-32 Pastel ESM","","0","0","0","0","0","1900","2999","","","","","","Surveilance RWR, Sensitivity: 1, MaxRange: 300km, 0.4Ghz to 100Ghz          Russian ESM system fitted to latter variants of the Flanker family.","Contributed by greengills","300","1","360","-50","50","5","GenericSensor","1","8","90","400000000","100000000000.0","0","1","1","1"
"SPR-1 ESM","","0","0","0","0","0","1900","2999","","","","","","Surveilance ESM, Sensitivity: 0.05, MaxRange: 500km, 0.04Ghz to 3Ghz          SPR-1 ESM","","500","0.05","360","-90","40","30","GenericSensor","1","30","90","40000000","3000000000","0","1","1","0"
"SPS-2000","","0","0","","","","1900","2999","","","","","","Surveilance RWR, Sensitivity: 0.7, MaxRange: 200km, 0.4Ghz to 100Ghz          RWR","Marcos Viniegra","200","0.7","360","-45","45","2","GenericSensor","1","8","90","400000000","100000000000.0","0","1","1","1"
"SRS-6 Romb 4","","0","0","0","0","0","1900","2999","","","","","","Surveilance RWR, Sensitivity: 8, MaxRange: 2000km, 0.4Ghz to 100Ghz","Setting this up as a new breed of ESM receiver.  bearing only, highly accurate in bearing, near zero range information.  test this against a target with cross bearing to see if the targets can be fired on.","2000","8","360","-90","90","30","GenericSensor","1","0.5","0","400000000","100000000000.0","0","1","1","1"
"Test ARM seeker","","0","0","0","0","0","1900","2999","","","","","","ESM, Sensitivity: 1, MaxRange: 600km, 0.4Ghz to 100Ghz          Testing purposes ARM passive seeker","","600","1","360","-180","180","0.1","GenericSensor","0","0","0","400000000","100000000000.0","0","1","0","0"
"Type 826 ESM","","0","0","0","0","0","1900","2999","","","","","","Surveilance ESM, Sensitivity: 0.51, MaxRange: 150km, 0.4Ghz to 100Ghz          Dutch Rapids ESM. Installed aboard several Chinese surface combatants","Contributed by greengills","150","0.51","360","-20","40","2","GenericSensor","1","2.5","90","400000000","100000000000.0","0","1","1","0"
"Type 923-1 ESM","","0","0","0","0","0","1900","2999","","","","","","Surveilance RWR, Sensitivity: 0.5, MaxRange: 150km, 0.4Ghz to 100Ghz          NATO Jug Pair. Chinese version of Russian Nakat-M (NATO Watch Dog).","Contributed by greengills","150","0.5","360","-20","20","5","GenericSensor","1","12.5","90","400000000","100000000000.0","0","1","1","1"
"UAA-2 ESM","","0","0","0","0","0","1900","2999","","","","","","Surveilance ESM, Sensitivity: 1, MaxRange: 500km, 0.4Ghz to 100Ghz          UAA-2 Abbey Hill ESM","","500","1","360","-90","90","15","GenericSensor","1","3","90","400000000","100000000000.0","0","1","1","0"
"UME-100","","0","0","","","","1900","2999","","","","","","Surveilance ESM, Sensitivity: 2.23, MaxRange: 300km, 0.4Ghz to 100Ghz          ESM/ELINT limitado","Marcos Viniegra","300","2.23","360","-30","30","2","GenericSensor","1","3.5","90","400000000","100000000000.0","0","1","1","0"
"Vigile-300","","0","0","","","","1900","2999","","","","","","Surveilance ESM, Sensitivity: 5, MaxRange: 500km, 0.4Ghz to 100Ghz          ESM","Marcos Viniegra","500","5","360","0","60","5","GenericSensor","1","0.5","90","400000000","100000000000.0","0","1","1","0"
"Watch Dog","","0","0","0","0","0","1900","2999","","","","","","Surveilance ESM, Sensitivity: 1.05, MaxRange: 525km, 0.4Ghz to 100Ghz          Big Net level esm","","525","1.05","360","-90","90","20","GenericSensor","1","3","90","400000000","100000000000.0","0","1","1","0"
"Wine Flask","","0","0","0","0","0","1900","2999","","","","","","Surveilance ESM, Sensitivity: 1.05, MaxRange: 525km, 0.4Ghz to 100Ghz          skywatch level esm","","525","1.05","360","-90","90","20","GenericSensor","1","3","90","400000000","100000000000.0","0","1","1","0"
"Wine Glass","","0","0","0","0","0","1900","2999","","","","","","Surveilance ESM, Sensitivity: 0.84, MaxRange: 420km, 0.4Ghz to 100Ghz          Strut Pair II level esm","","420","0.84","360","-90","90","20","GenericSensor","1","3","90","400000000","100000000000.0","0","1","1","0"
"WLR-1 ESM","","0","0","0","0","0","1900","2999","","","","","","Surveilance ESM, Sensitivity: 0.09, MaxRange: 400km, 0.05Ghz to 10.75Ghz          WLR-1 ESM ","","400","0.09","360","-90","50","10","GenericSensor","1","25","80","50000000","10750000000","0","1","1","0"
"WLR-1C","","0","0","0","0","0","1900","2999","","","","","","Surveilance ESM, Sensitivity: 0.11, MaxRange: 500km, 0.05Ghz to 10.75Ghz          WLR-1 ESM    ","","500","0.11","360","-90","50","10","GenericSensor","1","20","80","50000000","10750000000","0","1","1","0"
"WLR-1H ESM","","0","0","0","0","0","1900","2999","","","","","","Surveilance ESM, Sensitivity: 0.12, MaxRange: 500km, 0.05Ghz to 18Ghz          WLR-1 ESM","","500","0.12","360","-90","55","10","GenericSensor","1","20","80","50000000","18000000000","0","1","1","0"
"WLR-4 ESM","","0","0","0","0","0","1900","2999","","","","","","Surveilance ESM, Sensitivity: 0.15, MaxRange: 250km, 0.4Ghz to 100Ghz","","250","0.15","360","-90","90","15","GenericSensor","1","5","90","400000000","100000000000.0","0","1","1","0"
"WLR-8 ESM","","0","0","0","0","0","1900","2999","","","","","","Surveilance ESM, Sensitivity: 0.2, MaxRange: 250km, 0.4Ghz to 100Ghz","","250","0.2","360","-90","90","15","GenericSensor","1","5","90","400000000","100000000000.0","0","1","1","0"
"Zhaliv-P ESM","","0","0","0","0","0","1900","2999","","","","","","Surveilance ESM, Sensitivity: 0.6, MaxRange: 300km, 0.4Ghz to 100Ghz","","300","0.6","360","-90","90","30","GenericSensor","1","4","90","400000000","100000000000.0","0","1","1","0"
"ZLA-6 ESM","","0","0","0","0","0","1900","2999","","","","","","Surveilance ESM, Sensitivity: 0.4, MaxRange: 200km, 0.4Ghz to 100Ghz          Generic 200 km range ESM","","200","0.4","360","-90","90","5","GenericSensor","1","2.5","90","400000000","100000000000.0","0","1","1","0"
"ZLA-7 ESM","","0","0","0","0","0","1900","2999","","","","","","Surveilance ESM, Sensitivity: 0.6, MaxRange: 300km, 0.4Ghz to 100Ghz          Generic 300 km range ESM","","300","0.6","360","-90","90","5","GenericSensor","1","2.5","90","400000000","100000000000.0","0","1","1","0"
"AMES-C ESM","","0","0","0","0","0","1900","2999","","","","","","Surveilance RWR, Sensitivity: 0.3, MaxRange: 300km, 0.4Ghz to 100Ghz","","300","0.3","360","-90","90","3","GenericSensor","1","8","90","400000000","100000000000.0","0","1","1","1"
"Gurzef ESM","","0","0","0","0","0","1900","2999","","","","","","Surveilance ESM, Sensitivity: 0.2, MaxRange: 200km, 3Ghz to 100Ghz          (Manufacture name unknown) Sovremenny ESM","","200","0.2","360","-90","90","15","GenericSensor","1","4","90","3000000000","100000000000.0","0","1","1","0"
"Gurzef-1 ESM","","0","0","0","0","0","1900","2999","","","","","","Surveilance ESM, Sensitivity: 0.15, MaxRange: 400km, 0.3Ghz to 3Ghz          (Manufacture name unknown) Sovremenny ESM","","400","0.15","360","-90","90","20","GenericSensor","1","6","90","300000000","3000000000","0","1","1","0"
"J/APR-4 RWR","","0","0","0","0","0","1900","2999","","","","","","Surveilance RWR, Sensitivity: 0.15, MaxRange: 250km, 0.4Ghz to 100Ghz          RWR for F-15J","","250","0.15","360","-90","90","15","GenericSensor","1","20","90","400000000","100000000000.0","0","1","1","1"
"ARI-18223 RWR","","0","0","0","0","0","1900","2999","","","","","","Surveilance RWR, Sensitivity: 0.33, MaxRange: 300km, 0.4Ghz to 100Ghz          RWR for HArrier GR.3 onwards","Am stripping range determination ability, few ESM's can do this, most by processing multiple bearings over time and producing a form of TMA.","300","0.33","360","-90","90","3","GenericSensor","1","20","90","400000000","100000000000.0","0","1","1","1"
"Sky Guardian RWR","","0","0","0","0","0","1900","2999","","","","","","Surveilance RWR, Sensitivity: 0.45, MaxRange: 300km, 0.4Ghz to 100Ghz          RWR for A-6E AV-8B F-14 F/A-18. General model so no (V) variants","Am stripping range determination ability, few ESM's can do this, most by processing multiple bearings over time and producing a form of TMA.","300","0.45","360","-90","90","3","GenericSensor","1","20","90","400000000","100000000000.0","0","1","1","1"
"AS 37 Seeker","","0","0","0","0","0","1900","2999","","","","","","ESM, Sensitivity: 1, MaxRange: 80km, 0.2Ghz to 5Ghz          Shrike passive seeker","","80","1","20","-20","20","5","GenericSensor","0","0","90","200000000","5000000000","0","1","0","0"
"Sabre ESM B.2","","0","0","0","0","0","1900","2999","","","","","","Surveilance RWR, Sensitivity: 0.25, MaxRange: 300km, 2Ghz to 40Ghz          Sabre ESM system capable of 2Â° DF acuracy from 2Ghz to 40Ghz.","","300","0.25","360","-90","80","5","GenericSensor","1","2","90","2000000000","40000000000","0","1","1","1"
"Sabre ESM B.1","","0","0","0","0","0","1900","2999","","","","","","Surveilance RWR, Sensitivity: 0.2, MaxRange: 300km, 0.1Ghz to 2Ghz          Sabre ESM system capable of 4Â° DF acuracy from 0.1Ghz to 2Ghz.","","300","0.2","360","-90","80","5","GenericSensor","1","4","90","100000000","2000000000","0","1","1","1"
"ELT 211 ESM","","0","0","0","0","0","1900","2999","","","","","","Surveilance RWR, Sensitivity: 0.18, MaxRange: 300km, 2Ghz to 18Ghz          Newton Beta  ESM system capable of 4Â° DF acuracy from 2Ghz to 18Ghz.","","300","0.18","360","-90","80","10","GenericSensor","1","4","90","2000000000","18000000000","0","1","1","1"
"AR-700(V)2","","0","0","0","0","0","1900","2999","","","","","","Surveilance RWR, Sensitivity: 0.3, MaxRange: 800km, 0.5Ghz to 18Ghz","","800","0.3","360","-90","90","15","GenericSensor","1","5","90","500000000","18000000000","0","1","1","1"
"ALR-45 RWR","","0","0","0","0","0","1900","2999","","","","","","Surveilance RWR, Sensitivity: 0.18, MaxRange: 250km, 0.4Ghz to 100Ghz          RWR forAV-8C","","250","0.18","360","-90","90","4","GenericSensor","1","25","90","400000000","100000000000.0","0","1","1","1"
"RAMSES ESM","","0","0","0","0","0","1900","2999","","","","","","RWR, Sensitivity: 0.321, MaxRange: 1500km, 0.4Ghz to 100Ghz","","1500","0.321","360","-90","90","5","GenericSensor","1","12","90","400000000","100000000000.0","0","1","0","1"
"Type 826","","0","0","0","0","0","1900","2999","","","","","","Surveilance ESM, Sensitivity: 0.321, MaxRange: 1500km, 0.4Ghz to 100Ghz","","660","0.321","360","-90","90","5","GenericSensor","1","12","90","400000000","100000000000.0","0","1","0","1"
"Type 921-A ESM","","0","0","0","0","0","1900","2999","","","","","","Surveilance RWR, Sensitivity: 0.18, MaxRange: 480km, 0.4Ghz to 100Ghz          NATO Golf Ball. Chinese version of Russian Nakat (NATO Stop Light).","","480","0.1802","360","-20","20","5","GenericSensor","1","25","90","2000000000","18000000000","0","1","1","1"
"Type 928-1","","0","0","0","0","0","1900","2999","","","","","","Surveilance RWR, Sensitivity: 0.36, MaxRange: 720km, 0.4Ghz to 100Ghz","","720","0.3621","360","-20","20","5","GenericSensor","1","12.5","90","400000000","100000000000.0","0","1","1","1"
"NOLQ-1","","0","0","0","0","0","1900","2999","","","","","","Surveilance ESM, Sensitivity: 0.25, MaxRange: 560km, 0.42Ghz to 17.7Ghz","","560","0.25","360","-90","60","30","GenericSensor","1","10","90","420000000","17700000000","0","1","1","0"
"BLR-1","","0","0","0","0","0","1900","2999","","","","","","Surveilance ESM, Sensitivity: 0.07, MaxRange: 500km, 0.05Ghz to 10.75Ghz","","500","0.07","360","-90","50","10","GenericSensor","1","25","80","50000000","10750000000","0","1","1","0"
"NOLQ-6","","0","0","0","0","0","1900","2999","","","","","","Surveilance ESM, Sensitivity: 0.45, MaxRange: 720km, 0.4Ghz to 20Ghz","","720",".45","360","-90","90","20","GenericSensor","1","3","90","400000000","20000000000","0","1","1","0"
"NOLR-1","","0","0","0","0","0","1900","2999","","","","","","Surveilance ESM, Sensitivity: 0.1, MaxRange: 400km, 0.05Ghz to 10.75Ghz          WLR-1 ESM ","","400","0.1","360","-90","50","10","GenericSensor","1","25","80","50000000","10750000000","0","1","1","0"
"NOLR-1B","","0","0","0","0","0","1900","2999","","","","","","Surveilance ESM, Sensitivity: 0.13, MaxRange: 400km, 0.05Ghz to 10.75Ghz          WLR-1 ESM ","","400","0.13","360","-90","50","10","GenericSensor","1","20","80","50000000","10750000000","0","1","1","0"
"NOLR-6","","0","0","0","0","0","1900","2999","","","","","","Surveilance ESM, Sensitivity: 0.22, MaxRange: 480km, 0.05Ghz to 18Ghz          WLR-1 ESM ","","480","0.22","360","-90","50","10","GenericSensor","1","12","80","50000000","18000000000","0","1","1","0"
"NOLR-6B","","0","0","0","0","0","1900","2999","","","","","","Surveilance ESM, Sensitivity: 0.245, MaxRange: 560km, 0.05Ghz to 18Ghz          WLR-1 ESM ","","560","0.245","360","-90","50","10","GenericSensor","1","11","80","50000000","18000000000","0","1","1","0"
"OLR-9","","0","0","0","0","0","1900","2999","","","","","","Surveilance RWR ESM, Sensitivity: 0.22, MaxRange: 480km, 2Ghz to 22Ghz","","480","0.22","360","-90","50","10","GenericSensor","1","12","80","2200000000","22000000000","0","1","1","1"
"OLR-9B","","0","0","0","0","0","1900","2999","","","","","","Surveilance RWR ESM, Sensitivity: 0.245, MaxRange: 560km, 2Ghz to 22Ghz","","560","0.245","360","-90","50","10","GenericSensor","1","11","80","2200000000","22000000000","0","1","1","1"
"Sirena-3M RWR","","0","0","0","0","0","1900","2999","","","","","","Surveilance RWR, Sensitivity: 0.075, MaxRange: 40km, 0.1Ghz to 10Ghz","","40",".075","360","-90","90","5","GenericSensor","1","30","90","100000000","10000000000.0","0","1","0","1"
"APR-30 RWR","","0","0","0","0","0","1900","2999","","","","","","RWR, Sensitivity: 0.44, MaxRange: 200km, 0.4Ghz to 100Ghz          APR-30 RWR","","200","0.44","360","-90","90","5","GenericSensor","1","12","90","400000000","100000000000.0","0","1","0","1"
"ALR-3 RWR","","0","0","0","0","0","1900","2999","","","","","","Surveilance RWR, Sensitivity: 0.1, MaxRange: 100km, 0.0001Ghz to 1Ghz","","100","0.1","360","-90","90","5","GenericSensor","1","30","90","100000","10000000","0","1","1","1"
"APR-9 ESM","","0","0","0","0","0","1900","2999","","","","","","Surveilance ESM, Sensitivity: 0.2, MaxRange: 200km, 0.001Ghz to 10.75Ghz","","200","0.2","360","-90","90","5","GenericSensor","1","15","90","100000","10000000","0","1","1","0"
"APR-39A RWR","","0","0","0","0","0","1900","2999","","","","","","RWR, Sensitivity: 0.4, MaxRange: 150km, 0.4Ghz to 100Ghz          APR-44 Radar Warning Receiver","","125","0.27","360","-90","90","5","GenericSensor","1","12","90","400000000","100000000000.0","0","1","1","1"
"ALQ-99(OR-40)","","0","0","0","0","0","1900","2999","","","","","","Surveilance RHAW, Sensitivity: 1, MaxRange: 500km, 30Mhz to 10Ghz","","500","1","360","-90","90","5","GenericSensor","0.1","2.5","90","30000000","10000000000","0","1","1","1"
"APR-15 RWR","","0","0","0","0","0","1900","2999","","","","","","RWR, Sensitivity: 0.4, MaxRange: 150km, 0.4Ghz to 100Ghz          APR-17 RWR","","150","0.4","360","-90","90","5","GenericSensor","1","12","90","400000000","100000000000.0","0","1","0","1"
"APR-25 RWR","","0","0","0","0","0","1900","2999","","","","","","RWR, Sensitivity: 0.44, MaxRange: 200km, 0.4Ghz to 100Ghz          APR-25 RWR","","200","0.44","360","-90","90","5","GenericSensor","1","12","90","400000000","100000000000.0","0","1","0","1"
"APR-40 RWR","","0","0","0","0","0","1900","2999","","","","","","RWR, Sensitivity: 0.4, MaxRange: 150km, 0.4Ghz to 100Ghz          APR-40 Radar Warning Receiver","","150","0.4","360","-90","90","5","GenericSensor","1","12","90","400000000","100000000000.0","0","1","0","1"
"ALR-46 RWR","","0","0","0","0","0","1900","2999","","","","","","Surveilance RWR, Sensitivity: 0.18, MaxRange: 250km, 0.4Ghz to 100Ghz    ","","250","0.18","360","-90","90","4","GenericSensor","1","25","90","400000000","100000000000.0","0","1","1","1"
