DatabaseClass text primary key,NATO_ASCC text,ModelClassId integer,ClassificationId integer,Cost numeric,Weight_kg numeric,Volume_m3 numeric,InitialYear numeric,FinalYear numeric,Country text,Designation text,ImageList text,IconFileName text,ModelFileName text,Description text,Notes text,MaxSpeed_kts numeric,Accel_ktsps numeric,TurnRate_degps numeric,FuelCapacity_kg numeric,FuelRate_kgps real,Toughness numeric,DamageEffect text,RCS_dBsm real,RCS_Model text,OpticalCrossSection_dBsm real,IRSignature_dB real,IR_ModelA text,IR_ModelB text,IR_ModelC text,EffectiveHeight_m numeric,TS numeric,TS_Model text,AcousticModel text,SL_Model text,MaxTakeoffWeight_kg numeric,MaxAltitude_m numeric,ClimbRate_mps numeric,Gmax numeric,MinimumRunway_m numeric,IsCarrierCompatible integer,OutFuelPods integer,FuelOut_kgps real,FuelIn_kgps real,MaintenanceMin_s real,MaintenanceMax_s real
"A-29B","","4","33","","3020","","1900","2999","USA","Attack","a29.jpg","air/AdvicoA29B.jpg","c-130.xml","","Marcos Viniegra","304","5","18","700","0.09","","AirDmg2","6","AirRCS1","4","30","IR_FW_M_H_TP_2_M0.85","Default","IR_FW_M_H_TP_2_M0.85","0","-999","Default","Default","Default","5200","10670","24","7","2500","0","0","0","0","3600","3600"
"AB 212.ASW","","6","34","","3420","","1976","2999","Italy","","ab212.jpg","air/AdvicoAB212ASW.jpg","s-70.xml","Foreign variant of UH-1 Huey modified for ASW","rebuild for the Italians, duplicated and then modified from Marcos Viniegra AB212ASW","125","10","20","1043","0.11","","AirDmg1","6","AirRCS1","4.64","30","IR_Rot_M_1","Default","Default","0","-999","Default","Default","Default","5700","5000","5","2.5","0","1","0","0","30","10800","10800"
"AB212ASW","","6","34","","3420","","1900","2999","Italy","ASW","ab212.jpg","air/AdvicoAB212ASW.jpg","s-70.xml","Foreign variant of UH-1 Huey modified for ASW","Marcos Viniegra","125","10","20","1043","0.11","","AirDmg1","6","AirRCS1","4.64","30","IR_Rot_M_1","Default","Default","0","-999","Default","Default","Default","5700","5000","5","2.5","0","1","0","0","30","10800","10800"
"AB412","","6","34","","2840","","1900","2999","Italy","","bell412.jpg","air/AdvicoAB212ASW.jpg","s-70.xml","Civil utility transport helicopter, based on Bell 212 with 4-blade main rotor.","Marcos Viniegra","125","6","20","1043","0.14","","AirDmg1","4","AirRCS1","6.04","30","IR_Rot_M_2","Default","Default","0","-999","Default","Default","Default","5260","5180","7.3","2","0","1","0","0","0","10800","10800"
"AEW aircraft","","4","33","20000000","1","0","1900","2999","","AEW","e2c-001.jpg","air/jet_unk.jpg","c-130.xml","No description is available.","","300","10","8","1000","0","4","AirDmg1","15","AirRCS1","15.62","30","IR_FW_L_H_LP_2_M0.85","Default","IR_FW_L_H_LP_2_M0.85","0","-999","Default","Default","Default","50000","10000","15","5","2500","0","0","0","0","3600","10800"
"AH-1J Sea Cobra","","6","34","16000000","2998","0","1971","1995","USA","Attack","sh3h.jpg","air/AdvicoAH1J.jpg","s-70.xml","AH-1J Sea Cobra","","152","10","23","946","0.178567","4","AirDmg1","13.81","AirRCS1","10.96","30","IR_Rot_S_2V","Default","Default","0","-999","Default","Default","Default","4525","3475","33","2.5","0","1","0","0","0","3600","10800"
"AH-1T Sea Cobra","","6","34","16000000","3641","0","1976","2999","USA","Attack","sh3h.jpg","air/AdvicoAH1T.jpg","s-70.xml","AH-1T Sea Cobra","","152","10","23","946","0.178567","4","AirDmg1","13.81","AirRCS1","10.96","30","IR_Rot_S_2V","Default","Default","0","-999","Default","Default","Default","6349","2255","44","2.5","0","1","0","0","0","3600","10800"
"AH-1W Super Cobra","","6","34","16000000","4953","0","1986","2999","USA","Attack","sh3h.jpg","air/AdvicoAH1W.jpg","s-70.xml","AH-1W Super Cobra","","152","10","23","946","0.178567","4","AirDmg1","13.81","AirRCS1","10.96","30","IR_Rot_S_2V","Default","Default","0","-999","Default","Default","Default","6690","4270","44","2.5","0","1","0","0","0","3600","10800"
"AH-1Z Viper","","6","34","16000000","5534","0","2003","2999","USA","Attack","sh3h.jpg","air/AdvicoAH1Z.jpg","s-70.xml","AH-1Z Viper","","160","10","23","1255","0.17914","4","AirDmg1","13.81","AirRCS1","10.96","30","IR_Rot_S_2V","Default","Default","0","-999","Default","Default","Default","8391","4270","44","3","0","1","0","0","0","3600","10800"
"AH-64A","","6","34","15400000","5165","0","1984","2999","USA","Attack","ah64.jpg","air/AdvicoAH64A.jpg","s-70.xml","AH-64A Apache attack helicopter","","158","12.5","35","1400","0.12","4","AirDmg1","13.39","AirRCS1","3.87","30","IR_Rot_S_2V","Default","Default","0","-999","Default","Default","Default","10433","6400","12.7","7","0","1","0","0","0","3600","10800"
"Airbus A330","","4","33","","30000","","1900","2999","Neutral","","a330.jpg","air/AdvicoA330.jpg","civilairliner.xml","","Marcos Viniegra","580","5","4","50000","0.1","","AirDmg2","15","AirRCS1","18.51","30","IR_FW_L_H_LP_2_M0.85","Default","IR_FW_L_H_LP_2_M0.85","0","-999","Default","Default","Default","170000","14000","10","2","2500","0","0","0","0","3600","3600"
"AP-3C Orion","","4","33","36000000","27890","0","2002","2999","USA","ASuW","","air/AdvicoAP3C.jpg","tu-95.xml","P-3 Orion ASW/Maritime Patrol turboprop, upgraded P-3C II with Elta EL/M-2022(v)3 radar, Star Safire III EO/IR, new ELINT gear, used by Australian Navy","","410","15","10","28350","1.5592","4","AirDmg1","12.14","AirRCS1","14.52","30","IR_FW_M_H_TP_4_M0.85","Default","IR_FW_M_H_TP_4_M0.85","0","-999","Default","Default","Default","64410","10400","16","5","1673","0","0","0","0","3600","10800"
"AS 355F1","","6","34","","1305","","1900","2999","Italy","","as355.jpg","air/AdvicoAS355.jpg","s-70.xml","Eurocopter AS355. Twin-engine light helicopter.","Marcos Viniegra","150","4","18","520","0.05","","AirDmg1","4","AirRCS1","5.6","30","IR_Rot_M_2","Default","Default","0","-999","Default","Default","Default","2600","3400","6.5","2","0","0","0","0","0","3600","3600"
"AS 565MB Panther","","6","34","","2380","","1984","2999","Italy","ASW","as355.jpg","air/AdvicoAS565MB.jpg","s-70.xml","Eurocopter AS565MB.","","165","4","18","907","0.094","","AirDmg1","4","AirRCS1","5.46","30","IR_Rot_M_2","Default","Default","0","-999","Default","Default","Default","4300","3400","6.5","2","0","0","0","0","0","3600","3600"
"AS.555SN","","6","34","","1436","","1900","2999","Italy","","as555.jpg","air/AdvicoAS565N.jpg","s-70.xml","Eurocopter AS 555 Fennec twin-engined light naval helicopter","Marcos Viniegra","154","5","14","800","0.09","","AirDmg1","4","AirRCS1","5.6","30","IR_Rot_M_2","Default","Default","0","-999","Default","Default","Default","2800","3800","5","2.5","0","1","0","0","30","10800","10800"
"AS-565MB","","6","34","10000000","2380","0","1970","2999","Italy","","panther.jpg","air/AdvicoAS565MB.jpg","s-70.xml","Aerospatiale Eurocopter Panther naval search and rescue ASuW ASW helicopter","","175","20","18","1000","0.121","4","AirDmg1","13.39","AirRCS1","5.46","30","AirIR1","Default","AirIR1_Super","0","-999","Default","Default","Default","4300","6000","8.9","5","0","1","0","0","0","3600","10800"
"AW101 Series 110","","6","34","21000000","10500","0","2000","2999","Italy","ASW","merlin.jpg","air/AdvicoAW101.jpg","s-70.xml","Renamed EH101 in June 2007. Medium helicopter ASW/ASuW variant for Italian Navy","3222 liters internal fuel though AW brochure states 4096 litres for self-sealing 4-tank install","167","7","4.5","2610","0.1614","4","AirDmg1","13.39","AirRCS1","9.74","30","AirIR1","Default","AirIR1_Super","0","-999","Default","Default","Default","15600","4575","10.2","5","0","1","0","0","0","3600","10800"
"B-2A","","4","33","750000000","71700","0","1997","2999","USA","Bomber","b2.jpg","air/AdvicoB2A.jpg","b-2.xml","B-2 Spirit stealth bomber","","525","10","5","55000","1.35","4","AirDmg2","-32","AirRCS1","16.65","20","B-2M0.85","Default","B-2M1.2","0","-999","Default","Default","Default","170000","15000","15","4","2500","0","0","0","50","3600","10800"
"B-52H","","4","33","30000000","83250","0","1961","2999","USA","Bomber","b52h-1.jpg;b52h-2.jpg","air/AdvicoB52H.jpg","b-52.xml","B-52 Stratofortress","","565","10","8","104850","2.15","4","AirDmg2","25","AirRCS1","18.09","33","IR_FW_VL_H_LP_8_M0.85","Default","IR_FW_VL_H_LP_8_M0.85","0","-999","Default","Default","Default","219600","15100","15","5","2500","0","0","0","30","3600","10800"
"Bell 412EP","","6","34","","3079","","1900","2999","USA","","bell412.jpg","air/AdvicoAB212ASW.jpg","s-70.xml","","Marcos Viniegra","140","10","20","1043","0.11","","AirDmg1","4","AirRCS1","6.04","30","IR_Rot_M_2","Default","Default","0","-999","Default","Default","Default","5397","6096","6.86","2.65","0","1","0","0","30","7200","7200"
"Bo-105CBS","","6","34","","1276","","1900","2999","USA","","bo105.jpg","air/AdvicoBO105CBS.jpg","s-70.xml","","Marcos Viniegra","131","6","10","500","0.06","","AirDmg1","5","AirRCS1","4.6","30","IR_Rot_M_2","Default","Default","0","-999","Default","Default","Default","2500","5180","8","2.5","0","1","0","0","30","10800","10800"
"Boeing 747","","4","33","","40000","","1900","2999","Neutral","","b747.jpg","air/AdvicoB747.jpg","civilairliner.xml","Boeing 747","Marcos Viniegra","533","5","4","193640","4.067","","AirDmg2","15","AirRCS1","19.8","30","IR_FW_VL_H_LP_4_M0.85","Default","IR_FW_VL_H_LP_4_M0.85","0","-999","Default","Default","Default","300000","14000","10","2","2500","0","0","0","0","3600","3600"
"Boeing 767","","4","33","","30000","","1900","2999","Neutral","","b767.jpg","air/AdvicoB767.jpg","civilairliner.xml","Boeing 767","Marcos Viniegra","580","5","4","50000","0.1","","AirDmg2","15","AirRCS1","17.27","30","IR_FW_L_H_LP_2_M0.85","Default","IR_FW_L_H_LP_2_M0.85","0","-999","Default","Default","Default","158000","14000","10","2","2500","0","0","0","0","3600","3600"
"C-130H","","4","33","","38800","","1900","2999","USA","Cargo","c130.jpg","air/AdvicoC130H.jpg","c-130.xml","","Marcos Viniegra","318","6","9","20100","0.1","","AirDmg2","15","AirRCS1","15.1","30","IR_FW_L_H_TP_4_M0.85","Default","IR_FW_L_H_TP_4_M0.85","0","-999","Default","Default","Default","69750","10000","9","2.5","2500","0","0","0","0","10000","10000"
"C-130J","","4","33","","38800","","1900","2999","USA","Cargo","","air/AdvicoC130J.jpg","c-130.xml","","[greengills]","318","6","9","26014","0.1","","AirDmg2","15","AirRCS1","15.1","30","IR_FW_L_H_TP_4_M0.85","Default","IR_FW_L_H_TP_4_M0.85","0","-999","Default","Default","Default","79378","10000","9","2.5","2500","0","0","0","30","10000","10000"
"C-26B Metro-EW","","4","33","","4700","","1900","2999","Venezuela","EW","rc26b.jpg","air/AdvicoC26B.jpg","c-130.xml","","Marcos Viniegra","248","6","12","1695","0.06","","AirDmg2","7","AirRCS1","6.5","30","IR_FW_M_H_LP_2_M0.85","Default","IR_FW_M_H_LP_2_M0.85","0","-999","Default","Default","Default","6400","9500","10","2","2500","0","0","0","0","28800","28800"
"C-2A","","4","33","80000000","15310","0","1973","1987","USA","Cargo","e2c-001.jpg;e2c-020914.jpg","air/AdvicoC2A.jpg","e2c.xml","C-2A Greyhound, based on the hawkeye.  it is essentially identical, except without the radom and electronics of the E-2.  Used for carrier Onboard Delivery.  It can carry 4500kg in cargo or passengers.","","343","10","8","5240","0.278","4","AirDmg1","13.1","AirRCS1","11.05","30","IR_FW_M_H_LP_2_M0.85","Default","IR_FW_M_H_LP_2_M0.85","0","-999","Default","Default","Default","24687","11275","15","5","2500","1","0","0","0","3600","10800"
"C-2B","","4","33","80000000","15310","0","1973","1987","USA","Cargo","e2c-001.jpg;e2c-020914.jpg","air/AdvicoC2B.jpg","e2c.xml","these feature slightly uprated engines, and new 8 bladed props allowing for slight improvements in speed, as well as a slight fuel capacity increase allowing for slightly better range.","","355","10","8","5384","0.278","4","AirDmg1","13.1","AirRCS1","11.05","30","IR_FW_M_H_LP_2_M0.85","Default","IR_FW_M_H_LP_2_M0.85","0","-999","Default","Default","Default","24687","12500","20","5","2500","1","0","0","0","3600","10800"
"CASA C-212-400","","4","33","","4400","","1900","2999","Columbia","","casa212.jpg","air/AdvicoC212400.jpg","c-130.xml","Turboprop STOL medium transport built in Spain","Marcos Viniegra","200","8","10","2330","0.06","","AirDmg2","10","AirRCS1","10.31","30","IR_FW_M_H_LP_2_M0.85","Default","IR_FW_M_H_LP_2_M0.85","0","-999","Default","Default","Default","8000","7925","8.28","2","2500","0","0","0","0","14400","14400"
"CASA C-212-S43","","4","33","","5700","","1900","2999","Columbia","","casa212.jpg","air/AdvicoC212S43.jpg","c-130.xml","Turboprop STOL medium transport built in Spain","Marcos Viniegra","200","8","10","1731","0.14","","AirDmg2","10","AirRCS1","10.31","30","IR_FW_M_H_LP_2_M0.85","Default","IR_FW_M_H_LP_2_M0.85","0","-999","Default","Default","Default","7700","7925","8.28","2","2500","0","0","0","0","25200","25200"
"CASA CN-235MP-200","","4","33","","11700","","1900","2999","Columbia","","casa235.jpg","air/AdvicoCN235MP200.jpg","c-130.xml","","Marcos Viniegra","245","10","5","3124","0.19","","AirDmg2","10","AirRCS1","11.95","30","IR_FW_M_H_TP_2_M0.85","Default","IR_FW_M_H_TP_2_M0.85","0","-999","Default","Default","Default","15400","9145","9","2.5","2500","0","0","0","0","27000","27000"
"CASA CN-235MP-200 ELINT","","4","33","","11750","","1900","2999","Columbia","EW","casa235.jpg","air/AdvicoCN235MP200EW.jpg","c-130.xml","","Marcos Viniegra","245","10","5","3124","0.19","","AirDmg2","10","AirRCS1","11.95","30","IR_FW_M_H_TP_2_M0.85","Default","IR_FW_M_H_TP_2_M0.85","0","-999","Default","Default","Default","15700","9145","9","2.5","2500","0","0","0","0","36000","36000"
"CH-124B2","","6","34","16000000","5382","0","1962","1995","USA","ASW","ch124.jpg","air/AdvicoCH124B2.jpg","s-70.xml","Sikorsky CH-124 Sea King. Canadian ASW helo based on US Navy SH-3.","Refit at some point to remove ASW gear? May need another version for this","144","10","5","2552.761","0.161","4","AirDmg1","13.81","AirRCS1","8.75","30","AirIR1","Default","AirIR1_Super","0","-999","Default","Default","Default","9752","4481","11","4","0","1","0","0","0","3600","10800"
"CH-46E","","6","34","35000000","10600","0","1984","2999","USA","Cargo","","air/AdvicoCH46E.jpg","s-70.xml","","Didn't bother with light machine guns, basically transport only. Maybe we need a 'cargo hook' parameter for sling loading in the future","170","10","5","2552.964","0.162","4","AirDmg1","15","AirRCS1","9.65","22","AirIR1","Default","AirIR1_Super","0","-999","Default","Default","Default","22700","5640","10.1","4","0","1","0","0","0","3600","10800"
"CH-47D","","6","34","35000000","10600","0","1984","2999","USA","Cargo","ch47.jpg","air/AdvicoCH47D.jpg","s-70.xml","Boeing CH-47 Chinook heavy-lift helicopter","Didn't bother with light machine guns, basically transport only. Maybe we need a 'cargo hook' parameter for sling loading in the future","170","10","5","2552.964","0.162","4","AirDmg1","15","AirRCS1","9.65","22","AirIR1","Default","AirIR1_Super","0","-999","Default","Default","Default","22700","5640","10.1","4","0","1","0","0","0","3600","10800"
"CH-53E","","6","34","16000000","5382","0","1962","1995","USA","Cargo","sh3h.jpg","air/AdvicoCH53E.jpg","s-70.xml","CH-53E Super Stallion","armament and dispensors stripped, is only armed with machine guns, no provisions for torpedos or buoys, its essentially a heavy helo transport for moving marines around.","144","10","5","2552.964","0.162","4","AirDmg1","13.81","AirRCS1","10.96","30","IR_Rot_L_3","Default","Default","0","-999","Default","Default","Default","9752","4500","11","4","0","1","0","0","0","3600","10800"
"CP-140 Aurora","","4","33","36000000","27890","0","1979","2999","Canada","ASuW","","air/AdvicoCP140.jpg","tu-95.xml","P-3 Orion ASW/Maritime Patrol turboprop, P-3c in Canadian service, uses Viking sensor fit plus MX-20 EO/IR","","410","15","10","28350","1.5592","4","AirDmg1","12.14","AirRCS1","14.52","30","IR_FW_M_H_TP_4_M0.85","Default","IR_FW_M_H_TP_4_M0.85","0","-999","Default","Default","Default","64410","10400","16","5","1673","0","0","0","0","3600","10800"
"DASH QH-50c","","6","34","20000000","524","0","1962","2999","USA","ASW","","air/AdvicoQH50C.jpg","s-70.xml","Drone Anti Submarine Helicoptor, or DASH.","","80","4","9","106.4","0.0331","4","AirDmg1","3","AirRCS1","3.26","30","IR_Rot_S_1","Default","Default","0","-999","Default","Default","Default","1036","5000","10","2","0","1","0","0","0","3600","10800"
"Dehaviland Canada DHC-8-102","","4","33","","14500","","1986","2999","Neutral","","dhc8.jpg","air/AdvicoDHC8102.jpg","c-130.xml","Bombadier Dash 8 Series 100 previously know as de Havilland Canada Dash 8","Marcos Viniegra","269.38","5","5","2295","0.01","","AirDmg2","14","AirRCS1","11.94","30","IR_FW_M_H_TP_2_M0.85","Default","IR_FW_M_H_TP_2_M0.85","0","-999","Default","Default","Default","16800","7620","10","2","2500","0","0","0","0","7200","7200"
"E-2A","","4","33","80000000","17859","0","1964","1972","USA","AEW","e2c-001.jpg;e2c-020914.jpg","air/AdvicoE2A.jpg","e2c.xml","While boasting impressive technology for the time, they had some very serious issues.  the rotary drum computer was unreliable and often failed completely rendering the radar system useless.  The aircraft itself was highly vulnerable to corrosion which is a serious oversight for a carrier based aircraft.  49 of the original 59 airframes were updated to E-2B spec in 1971.","given the problems, corrosion among them and the aircraft having been around for 7 years, i am assuing the other 10 aircraft that were not uprated were simply scrappe","324","10","8","5240","0.278","4","AirDmg1","13.1","AirRCS1","11.1","30","IR_FW_M_H_TP_2_M0.85","Default","IR_FW_M_H_TP_2_M0.85","0","-999","Default","Default","Default","24687","11275","15","2","2500","1","0","0","0","3600","10800"
"E-2B","","4","33","80000000","17859","0","1972","1987","USA","AEW","e2c-001.jpg;e2c-020914.jpg","air/AdvicoE2B.jpg","e2c.xml","Far more successful than the E-2A, this version actually had a service life of meaningful duration.","many of the early E-2B's were really E-2A's with upgraded sensors, computers, and a solution to the corrosion problem they faced.","324","10","8","5240","0.278","4","AirDmg1","13.1","AirRCS1","11.1","30","IR_FW_M_H_TP_2_M0.85","Default","IR_FW_M_H_TP_2_M0.85","0","-999","Default","Default","Default","24687","11275","15","5","2500","1","0","0","0","3600","10800"
"E-2C","","4","33","80000000","17859","0","1973","1987","USA","AEW","e2c-001.jpg;e2c-020914.jpg","air/AdvicoE2C.jpg","e2c.xml","the 'Basic Charlie'.  This verson introduced several significant upgrades to the E-2B, and is regarded as the first truly successful model of the hawkeye.  It brings the APS-125 and ALQ-59, allowing for the first time passive fleet surveilance.","should add group 1 and group 2 versions","324","10","8","5240","0.278","4","AirDmg1","13.1","AirRCS1","11.1","30","IR_FW_M_H_TP_2_M0.85","Default","IR_FW_M_H_TP_2_M0.85","0","-999","Default","Default","Default","24687","11275","15","5","2500","1","0","0","0","3600","10800"
"E-2C 2000 NP","","4","33","80000000","17859","0","1973","1987","USA","AEW","e2c-001.jpg;e2c-020914.jpg","air/AdvicoE2CNP2K.jpg","e2c.xml","these feature slightly uprated engines, and new 8 bladed props allowing for slight improvements in speed, as well as a slight fuel capacity increase allowing for slightly better range.","","340","10","8","5384","0.278","4","AirDmg1","13.1","AirRCS1","11.1","30","IR_FW_M_H_TP_2_M0.85","Default","IR_FW_M_H_TP_2_M0.85","0","-999","Default","Default","Default","24687","12500","20","5","2500","1","0","0","0","3600","10800"
"E-2C Group 0","","4","33","80000000","17859","0","1973","1987","USA","AEW","e2c-001.jpg;e2c-020914.jpg","air/AdvicoE2C0.jpg","e2c.xml","Group Zero is the result of continuous gradual upgrades to the 'basic charlies'.  by this stage of things they are using the APS-139 and a much more accurate ALR-73 ESM, and a number of other less simulatable changes.  ","","324","10","8","5240","0.278","4","AirDmg1","13.1","AirRCS1","11.1","30","IR_FW_M_H_TP_2_M0.85","Default","IR_FW_M_H_TP_2_M0.85","0","-999","Default","Default","Default","24687","11275","15","5","2500","1","0","0","0","3600","10800"
"E-2C Group 1","","4","33","80000000","17859","0","1973","1987","USA","AEW","e2c-001.jpg;e2c-020914.jpg","air/AdvicoE2C1.jpg","e2c.xml","Group 1 was rather underwhelming, and not only was it short lived but produced in small numbers.  It brings the APS-139, and improvements to crew electronics, such as a more difficult to jam radio system.","","324","10","8","5240","0.278","4","AirDmg1","13.1","AirRCS1","11.1","30","IR_FW_M_H_TP_2_M0.85","Default","IR_FW_M_H_TP_2_M0.85","0","-999","Default","Default","Default","24687","11275","15","5","2500","1","0","0","0","3600","10800"
"E-2C Group 2","","4","33","80000000","17859","0","1973","1987","USA","AEW","e2c-001.jpg;e2c-020914.jpg","air/AdvicoE2C2.jpg","e2c.xml","A 'nothing less than fantastic' upgrade of the E-2C's.  This version introduces the APS-145 radar, improved IFF, new workstations that eliminates the old radar scopes with color NTDS displays, a 3 channel link 16, and TAMPS mission planning and recording system.","","324","10","8","5240","0.278","4","AirDmg1","13.1","AirRCS1","11.1","30","IR_FW_M_H_TP_2_M0.85","Default","IR_FW_M_H_TP_2_M0.85","0","-999","Default","Default","Default","24687","11275","15","5","2500","1","0","0","0","3600","10800"
"E-2C grp0","","4","33","","17090","","1973","1987","USA","AEW","e2c-001.jpg;e2c-020914.jpg","air/AdvicoE2C0.jpg","e2c.xml","E-2C upgrade with APS-138 radar and ALR-73 ESM","Marcos Viniegra","338","6","9","5624","0.25","","AirDmg2","10","AirRCS1","11.1","30","IR_FW_M_H_TP_2_M0.85","Default","IR_FW_M_H_TP_2_M0.85","0","-999","Default","Default","Default","23391","9300","13","2","2500","1","0","0","0","28800","28800"
"E-2T","","4","33","80000000","17100","0","1996","2999","Taiwan","AEW","e2c-001.jpg;e2c-020914.jpg","air/AdvicoE2T.jpg","e2c.xml","E-2C Hawkeye Taiwan export version","","330","10","8","10000","0.25","4","AirDmg1","13.1","AirRCS1","11.1","30","IR_FW_M_H_TP_2_M0.85","Default","IR_FW_M_H_TP_2_M0.85","0","-999","Default","Default","Default","50000","10000","15","5","2500","1","0","0","0","3600","10800"
"E-3C","","4","33","270000000","73500","0","1977","2999","USA","AEW","e3c.jpg","air/AdvicoE3C.jpg","e3.xml","E3 Sentry airborne warning and control system (AWACS) based on the Boeing 707 aircraft","","461","10","8","70000","3","4","AirDmg2","17.85","AirRCS1","17.05","30","IR_FW_L_H_LP_4_M0.85","Default","IR_FW_L_H_LP_4_M0.85","0","-999","Default","Default","Default","156000","12500","9.5","3","2500","0","0","0","0","3600","10800"
"E-3D/F","","4","33","270000000","84000","0","1990","2999","USA","AEW","e3d.jpg;e3f.jpg","air/AdvicoE3D.jpg","e3.xml","E3 Sentry airborne warning and control system (AWACS) export version with CFM56 engines","","515","11","8","70000","3","4","AirDmg2","17.85","AirRCS1","17.05","30","IR_FW_L_H_LP_4_M0.85","Default","IR_FW_L_H_LP_4_M0.85","0","-999","Default","Default","Default","156000","13100","10","3","2500","0","0","0","0","3600","10800"
"E-3G","","4","33","","73480","","1900","2999","USA","AEW","e3d.jpg;e3f.jpg","air/AdvicoE3G.jpg","e3.xml","Airborne warning and control system (AWACS) aircraft based on the Boeing 707. USAF Block 40/45 modernization with Airframe Modernization Program","Marcos Viniegra","461","5","5","56000","0.1","","AirDmg2","20","AirRCS1","17.05","30","IR_FW_L_H_LP_4_M0.85","Default","IR_FW_L_H_LP_4_M0.85","0","-999","Default","Default","Default","156000","12500","8","2","2500","0","0","0","0","36000","36000"
"E-737 AEW&C","Wedgetail","4","33","500000000","46606","0","2009","2999","Australia","AEW","wedgetail.jpg","air/AdvicoE737.jpg","e3.xml","Australian Wedgetail AWACS. After suffering delays and performance shortfalls, this design has matured into a formidable theatre battle management and surveillance platform.","[greengills]","475","10","3","33087","1.07","10","AirDmg2","30","AirRCS1","15.56","30","IR_FW_L_H_LP_2_M0.85","Default","IR_FW_L_H_LP_2_M0.85","0","-999","Default","Default","Default","85100","25000","9","4","2500","0","0","0","31","3600","10800"
"ES-3A","","4","33","27000000","12000","0","1977","2999","USA","EW","S-3B.jpg","air/AdvicoES3A.jpg","s3viking.xml","ES-3A Shadow Elint Aircraft.","","429","15","12","5900","0.323","1","AirDmg1","11.76","AirRCS1","11.97","30","IR_FW_L_F_HP_2_M0.85","Default","IR_FW_L_F_HP_2_Super_M1.2","0","-999","Default","Default","Default","23800","11000","20","5","2500","1","0","0","30","3600","10800"
"ESM Test Aircraft","","4","33","20000000","1","0","1900","2999","","","e2c-001.jpg","air/jet_unk.jpg","c-130.xml","For test only. Do not use this in a playable scenario.","Dewitt - added to test triangulation","300","10","8","1000","0","4","AirDmg1","15","AirRCS1","10.22","30","IR_FW_L_H_LP_2_M0.85","Default","IR_FW_L_H_LP_2_M0.85","0","-999","Default","Default","Default","50000","10000","15","5","2500","0","0","0","0","3600","10800"
"F-117","","4","33","50000","13800","","1983","2008","USA","Bomber","f117.jpg","air/AdvicoF117.jpg","unknown.xml","F-117 Nighthawk","","580","5","4","5000","0.866","1","AirDmg1","-15","AirRCS1","8.28","30","F-117M0.85","Default","F-117M1.2","0","-999","Default","Default","Default","23800","20000","40","5","2500","0","0","0","20","7200","14400"
"Falcon-20DC Prometeo","","4","33","","7530","","1900","2999","Venezuela","EW","falcon20d.jpg","air/AdvicoFalcon20DC.jpg","tu-16.xml","","Marcos Viniegra","465","6","9","3646","0.24","","AirDmg2","7","AirRCS1","8.13","30","IR_FW_M_H_LP_2_M0.85","Default","IR_FW_M_H_LP_2_M0.85","0","-999","Default","Default","Default","13000","12800","9","2","2500","0","0","0","0","25200","25200"
"Gannet AEW.3","","4","33","","6590","0","1959","1977.4","UK","AEW","","air/AdvicoGannetAEW3.jpg","e2c.xml","","","217","8","12","2223","0.1235","4","AirDmg1","8","AirRCS1","10","30","IR_FW_M_H_TP_2_M0.85","Default","IR_FW_M_H_TP_2_M0.85","0","-999","Default","Default","Default","10200","7600","15","2","2500","1","0","0","0","3600","10800"
"Generic aircraft","","4","33","20000000","1","0","1900","2999","","","","air/jet_unk.jpg","c-130.xml","A generic aircraft.vailable.","","500","10","20","1000","0","4","AirDmg1","10","AirRCS1","10.22","30","IR_FW_M_H_LP_2_M0.85","Default","IR_FW_M_H_LP_2_M0.85","0","-999","Default","Default","Default","50000","10000","15","5","2500","0","0","0","0","3600","10800"
"Generic helo II","","6","34","20000000","5000","0","1900","2999","","","","air/helo_unk.jpg","rah-66.xml","Generic helo, second type","","150","10","5","1000","1","4","AirDmg1","10","AirRCS1","7.9","30","IR_Rot_M_1","Default","Default","0","-999","Default","Default","Default","50000","1000","20","5","0","0","0","0","0","3600","10800"
"H-6D","","4","33","20000000","0","0","1900","2999","China","ASuW","h6.jpg","air/AdvicoH6D.jpg","tu-16.xml","(Based on Tu-16 Badger) Medium range naval bomber","","500","10","3","33000","2","20","AirDmg2","17.85","AirRCS1","11.7","30","IR_FW_L_H_HP_2_M0.85","Default","IR_FW_L_H_HP_2_M0.85","0","-999","Default","Default","Default","50000","13000","15","5","2500","0","0","0","0","3600","10800"
"HH-25A","","6","34","","1911.47","","1900","2999","USA","Cargo","","air/AdvicoHH25A.jpg","s-70.xml","","","106","3","14","303.9","0.03652","","AirDmg1","15","AirRCS1","9.06","0","IR_Rot_M_2","Default","Default","0","-999","Default","Default","Default","2721.6","4023.6","6.198","2","0","1","0","0","0","10800","10800"
"HH-25B","","6","34","","1950","","1900","2999","USA","Cargo","","air/AdvicoHH25B.jpg","s-70.xml","","","102","3","14","443.694","0.0369745","","AirDmg1","15","AirRCS1","9.06","0","IR_Rot_M_2","Default","Default","0","-999","Default","Default","Default","2766.96","3871","6.146","2","0","1","0","0","0","10800","10800"
"HH-25C","","6","34","","1950","","1900","2999","USA","Cargo","","air/AdvicoHH25C.jpg","s-70.xml","","","102","3","14","443.694","0.0369745","","AirDmg1","15","AirRCS1","9.06","0","IR_Rot_M_2","Default","Default","0","-999","Default","Default","Default","2766.96","3871","6.146","2","0","1","0","0","0","10800","10800"
"HSS-2","","6","34","16000000","5382","0","1962","1995","Japan","ASW","sh3h.jpg","air/AdvicoHSS2.jpg","s-70.xml","HSS-2 Sea King","See SH-3H for source material, HSS-2 is a Japanese license built SH-3.","118","10","14","2552.761","0.161","4","AirDmg1","13.81","AirRCS1","8.75","30","IR_Rot_L_2","Default","Default","0","-999","Default","Default","Default","9752","4267","11","4","0","1","0","0","0","3600","10800"
"HUP-1","","6","34","","1911.47","","1900","2999","USA","Cargo","","air/AdvicoHUP1.jpg","s-70.xml","","","106","3","14","303.9","0.03652","","AirDmg1","15","AirRCS1","9.06","0","IR_Rot_M_2","Default","Default","0","-999","Default","Default","Default","2721.6","4023.6","6.198","2","0","1","0","0","0","10800","10800"
"HUP-2","","6","34","","1950","","1900","2999","USA","Cargo","","air/AdvicoHUP2.jpg","s-70.xml","","","102","3","14","443.694","0.0369745","","AirDmg1","15","AirRCS1","9.06","0","IR_Rot_M_2","Default","Default","0","-999","Default","Default","Default","2766.96","3871","6.146","2","0","1","0","0","0","10800","10800"
"HUP-3","","6","34","","1950","","1900","2999","USA","Cargo","","air/AdvicoHUP3.jpg","s-70.xml","","","102","3","14","443.694","0.0369745","","AirDmg1","15","AirRCS1","9.06","0","IR_Rot_M_2","Default","Default","0","-999","Default","Default","Default","2766.96","3871","6.146","2","0","1","0","0","0","10800","10800"
"HUP-4","","6","34","","1950","","1900","2999","USA","Cargo","","air/AdvicoHUP4.jpg","s-70.xml","","","102","3","14","443.694","0.0369745","","AirDmg1","15","AirRCS1","9.06","0","IR_Rot_M_2","Default","Default","0","-999","Default","Default","Default","2766.96","3871","6.146","2","0","1","0","0","0","10800","10800"
"Il-38","Il-38 May","4","33","5000000","35000","0","1968","2999","Russia","ASuW","Il-38_May.jpg","air/AdvicoIL38.jpg","tu-142.xml","Soviet maritime patrol aircraft","","390","10","7","9000","0.19","4","AirDmg1","20.25","AirRCS1","13.3","30","AirIR1","Default","AirIR1_Super","0","-999","Default","Default","Default","65000","11000","13","4","2500","0","0","0","0","3600","10800"
"IL-78M","","4","33","10000000","72000","0","1983","2020","Russia","Tanker","il78m-1.jpg;il78.jpg","air/AdvicoIL78M.jpg","il-78.xml","Four engine aerial refueling tanker","","460","10","3","92800","2","10","AirDmg2","20.95","AirRCS1","16.91","40","IR_FW_VL_H_TP_4_M0.85","Default","IR_FW_VL_H_TP_4_M0.85","0","-999","Default","Default","Default","210000","12000","30","4","2500","0","2","20","0","3600","10800"
"Ka-25BSh","Ka-25 Hormone-A","6","34","20000000","4765","0","1972","1992","Russia","ASW","ka-25.jpg","air/AdvicoKA25BSH.jpg","hormone.xml","Ka-25 Hormone, Russian-made twin rotor ASW helicopter","range, speeds, max weights updated, http://www.aviastar.org/helicopters_eng/ka-25.php","118.8","10","5","1530","0.17","6","AirDmg1","12.39","AirRCS1","6.38","30","IR_Rot_M_2","Default","Default","0","-999","Default","Default","Default","7200","3350","15","3","0","1","0","0","0","3600","10800"
"Ka-27A","","6","34","20000000","6100","0","1982","2999","Russia","ASW","ka27a-1.jpg;ka27a-2.jpg","air/AdvicoKA27.jpg","helix.xml","Ka-27A Helix, Russian-made twin rotor helicopter, anti-submarine warfare (ASW) version.","","145.8","10","5","2066.087","0.165","6","AirDmg1","12.39","AirRCS1","6.81","30","IR_Rot_M_2","Default","Default","0","-999","Default","Default","Default","12600","4000","20","5","0","1","0","0","0","3600","10800"
"Ka-27A(China)","","6","34","20000000","6100","0","1982","2999","China","ASW","ka27a-1.jpg;ka27a-2.jpg","air/AdvicoKA27.jpg","helix.xml","Ka-27A Helix, Russian-made twin rotor helicopter, anti-submarine warfare (ASW) version.","","145.8","10","5","2066.087","0.165","6","AirDmg1","12.39","AirRCS1","6.81","30","IR_Rot_M_2","Default","Default","0","-999","Default","Default","Default","12600","4000","20","5","0","1","0","0","0","3600","10800"
"Kawasaki C-1","","4","33","4704065","23320","","1974","2999","Japan","Cargo","","air/AdvicoC1.jpg","c-130.xml","Kawasaki Heavy Industries C-1 Heavy Lift aircraft","[phoenixegmh]","436","10","15","15000","0.1","","AirDmg2","15","AirRCS1","15.1","30","IR_FW_L_H_TP_4_M0.85","Default","IR_FW_L_H_TP_4_M0.85","0","-999","Default","Default","Default","38700","11600","17.8","2.5","2500","0","0","0","30","10000","10000"
"KC-10A","","4","33","88400000","109328","","1981","2999","USA","Tanker","","air/AdvicoKC10A.jpg","civilairliner.xml","Refueling aircraft based on the Boeing DC-10. USAF ","Scott Daniels [lancaster123]","538","5","4","161480","0.1","","AirDmg2","20","AirRCS1","17.05","30","IR_FW_L_H_LP_2_M0.85","Default","IR_FW_L_H_LP_2_M0.85","0","-999","Default","Default","Default","270808","12800","7","2","2500","0","1","20","0","3600","3600"
"KC-130F","","4","33","37000000","37800","0","1983","2020","USA","Tanker","kc130.jpg","air/AdvicoKC130F.jpg","c-130.xml","KC-130F tanker","","315","10","3","30000","2","10","AirDmg2","18.03","AirRCS1","15.1","30","IR_FW_VL_H_TP_4_M0.85","Default","IR_FW_VL_H_TP_4_M0.85","0","-999","Default","Default","Default","79500","9200","15","4","2500","0","2","20","0","3600","10800"
"KC-135R","","4","33","39600000","44663","","1957","2999","USA","Tanker","","air/AdvicoKC135R.jpg","civilairliner.xml","Refueling aircraft based on the Boeing 707. USAF ","Scott Daniels [lancaster123]","504","5","5","90719","0.1","","AirDmg2","20","AirRCS1","17.05","30","IR_FW_L_H_LP_2_M0.85","Default","IR_FW_L_H_LP_2_M0.85","0","-999","Default","Default","Default","146000","15200","8","2","2500","0","3","50.65","0","3600","3600"
"KC-30A","","4","33","","125000","","1900","2999","USA","Tanker","","air/AdvicoKC30A.jpg","c-130.xml","","[greengills]","580","5","4","50000","0.1","","AirDmg2","15","AirRCS1","18.51","30","IR_FW_L_H_TP_2_M0.85","Default","IR_FW_L_H_TP_2_M0.85","0","-999","Default","Default","Default","233000","14000","10","2","2500","0","3","30","30","3600","3600"
"KC-767A","","4","33","175000000","82500","0","2007","2030","USA","Tanker","kc767.jpg","air/AdvicoKC767A.jpg","kc767.xml","KC-767A tanker","assumed fuel flow at least equal to the KC-135, 1000 gallons/min., http://www.youtube.com/watch?feature=player_embedded&v=rzZsH-KARu4","495","10","3","73000","2","10","AirDmg2","21.2","AirRCS1","17.27","30","IR_FW_L_H_TP_2_M0.85","Default","IR_FW_L_H_TP_2_M0.85","0","-999","Default","Default","Default","187000","12000","15","4","2500","0","2","50.65","0","3600","10800"
"KS-3B","","4","33","27000000","12000","0","1991","2999","USA","Tanker","S-3B.jpg","air/AdvicoKS3B.jpg","viking.xml","S-3 Viking Tanker aircraft","fuel outflow sourced from http://dimo.com/inflight_refueling.htm.  Assuming one buddy outflow pod, and one 370 gallon tank, for a combined fuel of 2020kG, and a combined weight of 2320kg.","429","15","12","7920","0.323","1","AirDmg1","11.76","AirRCS1","11.97","30","IR_FW_L_F_HP_2_M0.85","Default","IR_FW_L_F_HP_2_Super_M1.2","0","-999","Default","Default","Default","23800","11000","20","5","2500","1","1","11.143","30","3600","10800"
"Lynx HAS.Mk.2","","6","34","20000000","3291","0","1981","2999","UK","ASuW","lnyxHAS3.jpg","air/AdvicoLynxHAS2.jpg","s-70.xml","Lynx HAS.Mk.2","","174","10.1","5.5","790","0.11568","4","AirDmg1","13.39","AirRCS1","6.49","30","IR_Rot_M_2","Default","Default","0","-999","Default","Default","Default","5330","2575","15","5","0","1","0","0","0","3600","10800"
"Lynx HAS.Mk.2(FN)","","6","34","20000000","3291","0","1981","2999","France","ASW","lnyxHAS3.jpg","air/AdvicoLynxHAS2.jpg","s-70.xml","Lynx HAS.Mk.2","","174","10.1","5.5","790","0.11568","4","AirDmg1","13.39","AirRCS1","6.49","30","IR_Rot_M_2","Default","Default","0","-999","Default","Default","Default","5330","2575","15","5","0","1","0","0","0","3600","10800"
"Lynx HMA.Mk.8","","6","34","20000000","3291","0","1981","2999","UK","ASuW","lnyxHAS3.jpg","air/AdvicoLynxHMA8.jpg","s-70.xml","Lynx HMA8. Upgraded version based upon Super Lynx 100.","","174","10.1","5.5","790","0.11568","4","AirDmg1","13.39","AirRCS1","6.49","30","IR_Rot_M_2","Default","Default","0","-999","Default","Default","Default","5330","2575","15","5","0","1","0","0","0","3600","10800"
"Lynx Mk.95","","6","34","20000000","3291","0","1981","2999","UK","ASuW","lnyxHAS3.jpg","air/AdvicoLynxMk95.jpg","s-70.xml","Lynx Mk.95(Helicoptor Anti Submarine)","","174","10.1","5.5","790","0.11568","4","AirDmg1","13.39","AirRCS1","6.49","30","IR_Rot_M_2","Default","Default","0","-999","Default","Default","Default","5330","2575","15","5","0","1","0","0","0","3600","10800"
"MD-500 ASW","","6","34","","599","","1977","2999","Taiwan","ASW","bo105.jpg","air/AdvicoMD500ASW.jpg","s-70.xml","Hughes 500MD/ASW - Taiwanese lightweight ASW Helicopter","[phoenixegmh]","160","6","10","200","0.06","","AirDmg1","5","AirRCS1","4.6","30","IR_Rot_M_2","Default","Default","0","-999","Default","Default","Default","1361","4205","8","2.5","0","1","0","0","30","10800","10800"
"Merlin HM2","","6","34","21000000","10500","0","2000","2999","UK","ASW","merlin.jpg","air/AdvicoMerlinHM2.jpg","s-70.xml","UK Naval Mark 2 Variant of AW/EH101","","167","7","4.5","3442","0.1614","4","AirDmg1","13.39","AirRCS1","9.74","30","AirIR1","Default","AirIR1_Super","0","-999","Default","Default","Default","14600","4575","10.2","5","0","1","0","0","0","3600","10800"
"MH-60R","","6","34","20000000","6620","0","1900","2999","USA","ASW","sh60f.jpg","air/AdvicoMH60R.JPG","s-70.xml","MH-60R","","170","10","5","1870.57","0.168","4","AirDmg1","13.39","AirRCS1","6.36","30","IR_Rot_M_2","Default","Default","0","-999","Default","Default","Default","9927","3580","15","5","0","1","0","0","0","3600","10800"
"MH-60S","","6","34","20000000","6620","0","1900","2999","USA","ASW","sh60f.jpg","air/AdvicoMH60S.JPG","s-70.xml","MH-60S","","170","10","5","1870.57","0.168","4","AirDmg1","13.39","AirRCS1","6.36","30","IR_Rot_M_2","Default","Default","0","-999","Default","Default","Default","9927","3580","15","5","0","1","0","0","0","3600","10800"
"Mi-17V5","","6","34","","7340","","1900","2999","Russia","Attack","mi17.jpg","air/AdvicoMI17V5.JPG","s-70.xml","Medium transport helicopter that can also act as a gunship. Export version of Mi-8MTV-5","Marcos Viniegra","130","8","15","3000","0.3","","AirDmg1","5","AirRCS1","6.63","30","IR_Rot_L_2","Default","Default","0","-999","Default","Default","Default","13000","6000","5","2.5","0","1","0","0","30","14400","14400"
"Mi-24D","Mi-24 Hind D","6","34","15000000","8500","0","1972","2999","Russia","Attack","mi24.jpg","air/AdvicoMI24D.JPG","s-70.xml","Russian large gunship and attack helicopter","1200 liter internal aux tank for fuel and 2 x 500 liter external options","180","15","25","1472","0.15","4","AirDmg2","13.39","AirRCS1","8.52","30","AirIR1","Default","AirIR1_Super","0","-999","Default","Default","Default","11500","4500","15","1.75","0","0","0","0","0","3600","10800"
"Mi-25","Mi-25 Hind","6","34","15000000","8500","0","1972","2999","Russia","Attack","mi24.jpg","air/AdvicoMI25.JPG","s-70.xml","Russian large gunship and attack helicopter, export version","Just copied Mi-24D. I read somewhere that avionics are different but I couldn't find a good reference","180","15","25","1472","0.15","4","AirDmg2","13.39","AirRCS1","8.52","30","AirIR1","Default","AirIR1_Super","0","-999","Default","Default","Default","11500","4500","15","1.75","0","0","0","0","0","3600","10800"
"NH-90 NFH","","6","34","","6287","","2007","2999","Italy","ASW","as555.jpg","air/AdvicoNH90.JPG","s-70.xml","NH industries NH-90 Naval Fleet Helicopter","","165","5","14","2036","0.1905","","AirDmg1","6","AirRCS1","9.12","30","IR_Rot_L_2","Default","Default","0","-999","Default","Default","Default","10600","3800","5","2.5","0","1","0","0","30","10800","10800"
"Nimrod MR.2","","4","33","","39009","","1979","2999","UK","ASuW","a330.jpg","air/AdvicoNimrodR1.JPG","civilairliner.xml","Nimrod MR2 Maritime Patrol Aircraft","Alec Walker","498","5","4","37272","0.941","","AirDmg2","15","AirRCS1","18.51","30","IR_FW_L_H_HP_4_M0.85","Default","IR_FW_L_H_HP_4_M0.85","0","-999","Default","Default","Default","87090","13411","10","2","2200","0","0","0","16.6","3600","3600"
"P-3A Orion","","4","33","36000000","27890","0","1962","2999","USA","ASuW","P-3A.jpg","air/AdvicoP3A.JPG","tu-95.xml","P-3 Orion ASW/Maritime Patrol turboprop, Original production version","","390","10","10","28350","1.5592","4","AirDmg1","12.14","AirRCS1","14.52","30","IR_FW_M_H_TP_4_M0.85","Default","IR_FW_M_H_TP_4_M0.85","0","-999","Default","Default","Default","64410","10400","15","5","1673","0","0","0","0","3600","10800"
"P-3B Orion","","4","33","36000000","27890","0","1965.72","2999","USA","ASuW","","air/AdvicoP3B.JPG","tu-95.xml","P-3 Orion ASW/Maritime Patrol turboprop, uprated engines","","410","15","10","28350","1.5592","4","AirDmg1","12.14","AirRCS1","14.52","30","IR_FW_M_H_TP_4_M0.85","Default","IR_FW_M_H_TP_4_M0.85","0","-999","Default","Default","Default","64410","10400","16","5","1673","0","0","0","0","3600","10800"
"P-3C AIP Orion","","4","33","36000000","27890","0","1998","2999","USA","ASuW","","air/AdvicoP3CAIP.JPG","tu-95.xml","P-3 Orion ASW/Maritime Patrol turboprop, Introduces the APS-137 ISAR radar","","410","15","10","28350","1.5592","4","AirDmg1","12.14","AirRCS1","14.52","30","IR_FW_M_H_TP_4_M0.85","Default","IR_FW_M_H_TP_4_M0.85","0","-999","Default","Default","Default","64410","10400","16","5","1673","0","0","0","0","3600","10800"
"P-3C II Orion","","4","33","36000000","27890","0","1977.6","2999","USA","ASuW","","air/AdvicoP3C2.JPG","tu-95.xml","P-3 Orion ASW/Maritime Patrol turboprop, introduces FLIR to the camera turret, ability to carry AGM-84","","410","15","10","28350","1.5592","4","AirDmg1","12.14","AirRCS1","14.52","30","IR_FW_M_H_TP_4_M0.85","Default","IR_FW_M_H_TP_4_M0.85","0","-999","Default","Default","Default","64410","10400","16","5","1673","0","0","0","0","3600","10800"
"P-3C III Orion","","4","33","36000000","27890","0","1984","2999","USA","ASuW","","air/AdvicoP3C3.JPG","tu-95.xml","P-3 Orion ASW/Maritime Patrol turboprop","","410","15","10","28350","1.5592","4","AirDmg1","12.14","AirRCS1","14.52","30","IR_FW_M_H_TP_4_M0.85","Default","IR_FW_M_H_TP_4_M0.85","0","-999","Default","Default","Default","64410","10400","16","5","1673","0","0","0","0","3600","10800"
"P-3C Orion","","4","33","36000000","27890","0","1968.7","2999","USA","ASuW","","air/AdvicoP3C.JPG","tu-95.xml","P-3 Orion ASW/Maritime Patrol turboprop, uprated sensors, introduces camera turret","","410","15","10","28350","1.5592","4","AirDmg1","12.14","AirRCS1","14.52","30","IR_FW_M_H_TP_4_M0.85","Default","IR_FW_M_H_TP_4_M0.85","0","-999","Default","Default","Default","64410","10400","16","5","1673","0","0","0","0","3600","10800"
"P-3C UIP Orion","","4","33","36000000","27890","0","1999","2999","Norway","ASuW","","air/AdvicoP3UIP.JPG","tu-95.xml","P-3 Orion ASW/Maritime Patrol turboprop, RNoAF upgrade of P-3C to AIP standard, introduces APS-137 ISAR","","410","15","10","28350","1.5592","4","AirDmg1","12.14","AirRCS1","14.52","30","IR_FW_M_H_TP_4_M0.85","Default","IR_FW_M_H_TP_4_M0.85","0","-999","Default","Default","Default","64410","10400","16","5","1673","0","0","0","0","3600","10800"
"P-3F Orion","","4","33","36000000","27890","0","1974","2999","Iran","ASuW","","air/AdvicoP3F.JPG","tu-95.xml","P-3 Orion ASW/Maritime Patrol turboprop, Iranian P-3C, baseline models","","410","15","10","28350","1.5592","4","AirDmg1","12.14","AirRCS1","14.52","30","IR_FW_M_H_TP_4_M0.85","Default","IR_FW_M_H_TP_4_M0.85","0","-999","Default","Default","Default","64410","10400","16","5","1673","0","0","0","0","3600","10800"
"P-3K Orion","","4","33","36000000","27890","0","1983","2999","New Zealand","ASuW","","air/AdvicoP3K.JPG","tu-95.xml","P-3 Orion ASW/Maritime Patrol turboprop, RNZAF upgraded P-3B's to C II standard","","410","15","10","28350","1.5592","4","AirDmg1","12.14","AirRCS1","14.52","30","IR_FW_M_H_TP_4_M0.85","Default","IR_FW_M_H_TP_4_M0.85","0","-999","Default","Default","Default","64410","10400","16","5","1673","0","0","0","0","3600","10800"
"P-3M Orion","","4","33","36000000","27890","0","2003","2999","Spain","ASuW","","air/AdvicoP3M.JPG","tu-95.xml","P-3 Orion ASW/Maritime Patrol turboprop, Former RNoAF P-3B upgraded with Elta-2022 radar, AMES-C ESM for Spanish AF","","410","15","10","28350","1.5592","4","AirDmg1","12.14","AirRCS1","14.52","30","IR_FW_M_H_TP_4_M0.85","Default","IR_FW_M_H_TP_4_M0.85","0","-999","Default","Default","Default","64410","10400","16","5","1673","0","0","0","0","3600","10800"
"P-3P Orion","","4","33","36000000","27890","0","1989","2999","Portugal","ASuW","","air/AdvicoP3P.JPG","tu-95.xml","P-3 Orion ASW/Maritime Patrol turboprop, 6 ex-RAAF P-3B's for Portugese AF, uprated to P-3C II standard","","410","15","10","28350","1.5592","4","AirDmg1","12.14","AirRCS1","14.52","30","IR_FW_M_H_TP_4_M0.85","Default","IR_FW_M_H_TP_4_M0.85","0","-999","Default","Default","Default","64410","10400","16","5","1673","0","0","0","0","3600","10800"
"P-3T Orion","","4","33","36000000","27890","0","1992","2999","Thailand","ASuW","","air/AdvicoP3T.JPG","tu-95.xml","P-3 Orion ASW/Maritime Patrol turboprop, P-3A's for the Thai Navy","","410","15","10","28350","1.5592","4","AirDmg1","12.14","AirRCS1","14.52","30","IR_FW_M_H_TP_4_M0.85","Default","IR_FW_M_H_TP_4_M0.85","0","-999","Default","Default","Default","64410","10400","16","5","1673","0","0","0","0","3600","10800"
"P-8 MPA","Poseidon","4","33","300000000","46606","0","2010","2999","USA","ASuW","p8.jpg","air/AdvicoP8A.JPG","tu-95.xml","E-8 Poseidon Maritime Patrol Aircraft designed by Boeing as a replacement for the venerable P-3 Orion MPA.","[greengills]","490","10","3","33087","1.07","10","AirDmg2","30","AirRCS1","15.27","30","IR_FW_M_H_LP_2_M0.85","Default","IR_FW_M_H_LP_2_M0.85","0","-999","Default","Default","Default","85370","25000","9","4","2500","0","0","0","31","3600","10800"
"RQ-2","","4","33","1000000","150","0","1986","2007","USA","EW","rq2.jpg","air/AdvicoRQ2.JPG","air_small.tvm","RQ-2 Pioneer unmanned aircraft","","110","15","15","36","0.005","1","AirDmg1","1","AirRCS1","-2.89","3","AirIR1","Default","AirIR1_Super","0","-999","Default","Default","Default","200","4600","76","3","0","1","0","0","0","3600","10800"
"S-2G","","4","33","20000000","1","0","1900","2999","USA","ASW","s2g.jpg","air/AdvicoS2G.JPG","s-2g.xml","S-2g Tracker","","265","10","10","1400","0.1","4","AirDmg1","12.14","AirRCS1","11.97","30","IR_FW_L_F_HP_2_M0.85","Default","IR_FW_L_F_HP_2_Super_M1.2","0","-999","Default","Default","Default","50000","6500","15","5","2500","0","0","0","0","3600","10800"
"S-2T Taiwan","","4","33","8125000","1","0","1991","2999","Taiwan","ASW","s2g.jpg","air/AdvicoS2T.JPG","s-2g.xml","S-2T Turbo Tracker for Taiwan","","265","10","10","1400","0.1","4","AirDmg1","12.14","AirRCS1","11.97","30","IR_FW_L_F_HP_2_M0.85","Default","IR_FW_L_F_HP_2_Super_M1.2","0","-999","Default","Default","Default","50000","6500","15","5","2500","0","0","0","0","3600","10800"
"S-3A","","4","33","27000000","12000","0","1977","2999","USA","ASW","S-3B.jpg","air/AdvicoS3A.JPG","viking.xml","S-3 Viking ASW aircraft [PJ]","","429","15","12","5900","0.323","1","AirDmg1","11.76","AirRCS1","11.97","30","IR_FW_L_F_HP_2_M0.85","Default","IR_FW_L_F_HP_2_Super_M1.2","0","-999","Default","Default","Default","23800","11000","20","5","2500","1","0","0","30","3600","10800"
"S-3B","","4","33","27000000","12000","0","1991","2999","USA","ASuW","S-3B.jpg","air/AdvicoS3B.JPG","viking.xml","S-3 Viking ASW aircraft","Should have APS-137 but no ISAR/ID modeled yet","429","15","12","5900","0.323","1","AirDmg1","11.76","AirRCS1","11.97","30","IR_FW_L_F_HP_2_M0.85","Default","IR_FW_L_F_HP_2_Super_M1.2","0","-999","Default","Default","Default","23800","11000","20","5","2500","1","0","0","30","3600","10800"
"S-70C(M) Thunderhawk","","6","34","20000000","5000","0","1990","2999","Taiwan","ASW","sh60f.jpg","air/AdvicoS70C.JPG","s-70.xml","Export SH-60 for Taiwan","Updated sensors, dates & max speed. [phoenixegmh]","150","10","18","1870.57","0.168","4","AirDmg1","13.39","AirRCS1","6.36","30","IR_Rot_M_2","Default","Default","0","-999","Default","Default","Default","9927","3580","15","5","0","1","0","0","0","3600","10800"
"SA-321G","","6","34","10000000","6863","0","1970","2999","France","ASW","dauphin.jpg","air/AdvicoSA321G.JPG","s-70.xml","A?rospatiale SA-321 Super Frelon (Super Hornet) triple-engine heavy helicopter. Naval variant.","Wikipedia. Need to check this--was quickly created. Needs dipping sonar?","135","12","3","2000","0.135","4","AirDmg1","16","AirRCS1","9.27","33","AirIR1","Default","AirIR1_Super","0","-999","Default","Default","Default","13000","3150","6.7","4","0","1","0","0","0","3600","10800"
"SA-330J","","6","34","20000000","4273","0","1970","2999","France","Cargo","sh60f.jpg","air/AdvicoSA330J.JPG","s-70.xml","Aerospatiale Eurocopter SA-330J Puma transport/utility helicopter","http://www.evergreenaviation.com/ehi/specsheets/puma.html","138","10","5","1166","0.1619","4","AirDmg1","13.39","AirRCS1","8.29","30","AirIR1","Default","AirIR1_Super","0","-999","Default","Default","Default","7410","5029","7.1","5","0","1","0","0","0","3600","10800"
"SA-365","","6","34","10000000","2389","0","1970","2999","France","Cargo","dauphin.jpg","air/AdvicoSA365.JPG","s-70.xml","Aerospatiale Eurocopter SA-365 Dauphin (Dolphin) twin-engine helicopter","http://www.rotorleasing.com/Dauphin_Specs.htm","175","20","5","1000","0.121","4","AirDmg1","13.39","AirRCS1","8.18","30","AirIR1","Default","AirIR1_Super","0","-999","Default","Default","Default","4300","6000","8.9","5","0","1","0","0","0","3600","10800"
"Sea King AEW.Mk.2A","","6","34","20000000","6387","0","1982","2999","UK","AEW","seakingaew.jpg","air/AdvicoSeaKingAEW2A.jpg","s-70.xml","Sea King AEW.Mk.2A (Airborne Early Warning). British license-built version of American Sikorsky S-61 Sea King","","144","7","4.5","2552.964","0.162","4","AirDmg1","13.39","AirRCS1","8.75","30","IR_Rot_L_2","Default","Default","0","-999","Default","Default","Default","9752","4500","10.3","5","0","1","0","0","0","3600","10800"
"Sea King HAS.Mk.2","","6","34","20000000","5382","0","1982","2999","UK","ASW","seakingHAS6.jpg","air/AdvicoSeaKingHAS2A.jpg","s-70.xml","Sea King HAS.Mk.2 (Helicopter Anti Submarine). British license-built version of American Sikorsky S-61 Sea King","","144","7","5","2552.964","0.162","4","AirDmg1","13.39","AirRCS1","8.75","30","IR_Rot_L_2","Default","Default","0","-999","Default","Default","Default","9752","4500","10.3","5","0","1","0","0","0","3600","10800"
"Sea King HU.5","","6","34","20000000","6387","0","1982","2999","UK","Cargo","seakingaew.jpg","air/AdvicoSeaKingHU5.jpg","s-70.xml","","","112","7","4.5","2134.76","0.05","4","AirDmg1","13.39","AirRCS1","8.75","30","IR_Rot_L_2","Default","Default","0","-999","Default","Default","Default","9707","3050","10.3","5","0","1","0","0","0","3600","10800"
"Sea Lynx Mk 88","","6","34","20000000","3291","0","1981","2999","UK","ASW","lnyxHAS3.jpg","air/AdvicoLynxMk88.jpg","s-70.xml","Lynx Mk-88","","174","10.1","22","790","0.11568","4","AirDmg1","13.39","AirRCS1","6.49","30","IR_Rot_M_2","Default","Default","0","-999","Default","Default","Default","5330","2575","15","5","0","1","0","0","0","3600","10800"
"Sentinel R1","","4","33","","22600","","2008","2999","UK","EW","a330.jpg","air/AdvicoSentinelR1.jpg","civilairliner.xml","Sentinel R1 Airborne Stand Off Reconnaissance","Alec Walker","513","5","4","21850","0.735","","AirDmg2","10","AirRCS1","18.51","30","IR_FW_M_H_LP_2_M0.85","Default","IR_FW_M_H_HP_2_M0.85","0","-999","Default","Default","Default","44453","15545","7.27","2","1900","0","0","0","0","3600","3600"
"SH-14B","","6","34","20000000","3291","0","1981","1988","Netherlands","ASW","lnyxHAS3.jpg","air/AdvicoSH14B.jpg","s-70.xml","Lynx Anti Submarine Helicopter","","174","10.1","5.5","790","0.11568","4","AirDmg1","13.39","AirRCS1","6.49","30","IR_Rot_M_2","Default","Default","0","-999","Default","Default","Default","5330","2575","15","5","0","1","0","0","0","3600","10800"
"SH-14B (88)","","6","34","20000000","3291","0","1988","1992","Netherlands","ASW","lnyxHAS3.jpg","air/AdvicoSH14B.jpg","s-70.xml","Lynx Anti Submarine Helicopter","","174","10.1","5.5","790","0.11568","4","AirDmg1","13.39","AirRCS1","6.49","30","IR_Rot_M_2","Default","Default","0","-999","Default","Default","Default","5330","2575","15","5","0","1","0","0","0","3600","10800"
"SH-14D","","6","34","20000000","3291","0","1992","1994","Netherlands","ASW","lnyxHAS3.jpg","air/AdvicoSH14D.jpg","s-70.xml","Lynx Anti Submarine Helicopter","","174","10.1","5.5","790","0.11568","4","AirDmg1","13.39","AirRCS1","6.49","30","IR_Rot_M_2","Default","Default","0","-999","Default","Default","Default","5330","2575","15","5","0","1","0","0","0","3600","10800"
"SH-14D (94)","","6","34","20000000","3291","0","1992","1994","Netherlands","ASW","lnyxHAS3.jpg","air/AdvicoSH14D.jpg","s-70.xml","Lynx Anti Submarine Helicopter","","174","10.1","5.5","790","0.11568","4","AirDmg1","13.39","AirRCS1","6.49","30","IR_Rot_M_2","Default","Default","0","-999","Default","Default","Default","5330","2575","15","5","0","1","0","0","0","3600","10800"
"SH-14D Super Lynx","","6","34","","2740","","1900","2999","Netherlands","ASW","sh14d.jpg","air/AdvicoSH14D.jpg","s-70.xml","","Marcos Viniegra","281","6","18","1043","0.11","","AirDmg1","4","AirRCS1","6.49","30","IR_Rot_M_2","Default","Default","0","-999","Default","Default","Default","3343","4000","11","2","0","1","0","0","0","7200","10800"
"SH-2F","","6","34","16000000","3447","0","1975","1993","USA","ASW","sh2f.jpg","air/AdvicoSH2F.jpg","s-70.xml","SH-2F Seasprite","fuel, fuel rate, max weight, max alt, empty weight, max speed, updated http://www.fas.org/programs/ssp/man/uswpns/air/rotary/sh2.html","138.229","10","14","1446.564","0.186","4","AirDmg1","13.81","AirRCS1","8.49","30","IR_Rot_M_1","Default","Default","0","-999","Default","Default","Default","6115","6218","10","4","0","1","0","0","0","3600","10800"
"SH-3A","","6","34","16000000","5003.7","0","1962","1995","USA","ASW","sh3h.jpg","air/AdvicoSH3A.jpg","s-70.xml","SH-3A Sea King","","138.1","10","14","1941","0.15959","4","AirDmg1","13.81","AirRCS1","8.75","30","IR_Rot_L_2","Default","Default","0","-999","Default","Default","Default","8664","4481","11","4","0","1","0","0","0","3600","10800"
"SH-3D","","6","34","16000000","5003.7","0","1962","1995","USA","ASW","sh3h.jpg","air/AdvicoSH3D.jpg","s-70.xml","SH-3D Sea King","","138.1","10","14","1941","0.15959","4","AirDmg1","13.81","AirRCS1","8.75","30","IR_Rot_L_2","Default","Default","0","-999","Default","Default","Default","8664","4481","11","4","0","1","0","0","0","3600","10800"
"SH-3G","","6","34","16000000","5382","0","1962","1995","USA","ASW","sh3h.jpg","air/AdvicoSH3G.jpg","s-70.xml","SH-3G Sea King","an uprated SH-3A or SH-3D into the SH-3G, for the utility role, not the ASW role.  the single largest different being the deletion of all ASW equipment and capabilities.","144","10","14","2552.964","0.162","4","AirDmg1","13.81","AirRCS1","8.75","30","IR_Rot_L_2","Default","Default","0","-999","Default","Default","Default","9752","4500","11","4","0","1","0","0","0","3600","10800"
"SH-3H","","6","34","16000000","5382","0","1962","1995","USA","ASW","sh3h.jpg","air/AdvicoSH3H.jpg","s-70.xml","SH-3H Sea King","fuel qty, fuel rate, max range, weights, speed, ceiling updated, http://www.aviastar.org/helicopters_eng/sik_s-61.php","118","10","14","2552.761","0.161","4","AirDmg1","13.81","AirRCS1","8.75","30","IR_Rot_L_2","Default","Default","0","-999","Default","Default","Default","9752","4267","11","4","0","1","0","0","0","3600","10800"
"SH-60B","","6","34","20000000","5000","0","1984","2999","USA","ASW","sh60b-1.jpg;sh60b-2.jpg","air/AdvicoSH60B.JPG","s-70.xml","SH-60B Sea Hawk LAMPS III","4AUG2010 Dewitt. Eventually should add ASQ-81 MAD and AAS-44 FLIR for later aircraft. http://everything2.com/title/SH-60B%252FF+Seahawk.  amram-  weights, fuel, and range updated, http://www.sikorsky.com/StaticFiles/Sikorsky/Assets/Attachments/Mission%20Downloads/S70-064_S70B_TI.pdf","170","10","18","1870.57","0.168","4","AirDmg1","13.39","AirRCS1","6.36","30","IR_Rot_M_2","Default","Default","0","-999","Default","Default","Default","9927","3580","15","5","0","1","0","0","0","3600","10800"
"SH-60F","","6","34","20000000","5000","0","1984","2999","USA","ASW","sh60f.jpg","air/AdvicoSH60F.JPG","s-70.xml","SH-60F Seahawk primarily operated from carriers","60F does not have APS-124 or ALQ-142 ESM that 60B. Need to add AAS-44 FLIR for later aircraft. http://everything2.com/title/SH-60B%252FF+Seahawk","170","10","18","1870.57","0.168","4","AirDmg1","13.39","AirRCS1","6.36","30","IR_Rot_M_2","Default","Default","0","-999","Default","Default","Default","9927","3580","15","5","0","1","0","0","0","3600","10800"
"SH-60J","","6","34","20000000","5000","0","1991","2999","Japan","ASW","sh60f.jpg","air/AdvicoSH60J.JPG","s-70.xml","Mitsubishi H-60 based on SH-60F/B Seahawk ","","140","10","18","1870.56","0.168","4","AirDmg1","13.39","AirRCS1","6.36","30","IR_Rot_M_2","Default","Default","0","-999","Default","Default","Default","9750","5790","15","5","0","1","0","0","0","3600","10800"
"Super Lynx Mk 88A","","6","34","20000000","3291","0","1981","2999","Germany","ASW","lnyxHAS3.jpg","air/AdvicoLynxMk88A.jpg","s-70.xml","Lynx Mk-88","","174","10.1","22","790","0.11568","4","AirDmg1","13.39","AirRCS1","6.49","30","IR_Rot_M_2","Default","Default","0","-999","Default","Default","Default","5330","2575","15","5","0","1","0","0","0","3600","10800"
"Test Aircraft","","4","33","20000000","90000","0","1900","1940","","","tu95.jpg","air/jet_unk.jpg","tu-95.xml","Test aircraft not for use in scenarios","","400","10","8","870000","1.7","4","AirDmg1","20.25","AirRCS1","16.48","30","IR_FW_VL_H_TP_4_M0.85","Default","IR_FW_VL_H_TP_4_M0.85","0","-999","Default","Default","Default","188000","15000","50","5","2500","0","0","0","30","3600","10800"
"Tu-142M","","4","33","20000000","90000","0","1900","2999","Russia","ASuW","tu142.jpg","air/AdvicoTU144M.jpg","tu-142.xml","Long Range Maritime Patrol","","400","10","8","87000","1.7","4","AirDmg1","20.25","AirRCS1","16.48","30","IR_FW_VL_H_TP_4_M0.85","Default","IR_FW_VL_H_TP_4_M0.85","0","-999","Default","Default","Default","50000","12000","15","5","2500","0","0","0","30","3600","10800"
"Tu-16P Buket","Badger J","4","33","20000000","0","0","1965","1993","Russia","ASuW","tu16.jpg","air/AdvicoTU16P.jpg","tu-16.xml","Jet powered bomber used by Soviet Union. Electronic warfare variant.","","500","10","3","33000","2","20","AirDmg2","17.85","AirRCS1","11.7","30","AirIR1","Default","AirIR1_Super","0","-999","Default","Default","Default","50000","13000","15","5","2500","0","0","0","0","3600","10800"
"Tu-95G","","4","33","20000000","90000","0","1900","2999","Russia","ASuW","tu95.jpg","air/AdvicoTU95G.jpg","tu-95.xml","Turboprop naval strike bomber","","400","10","8","87000","1.7","4","AirDmg1","20.25","AirRCS1","16.48","30","IR_FW_VL_H_TP_4_M0.85","Default","IR_FW_VL_H_TP_4_M0.85","0","-999","Default","Default","Default","188000","12000","15","5","2500","0","0","0","30","3600","10800"
"UH-1N","","6","34","","2751","","1900","2999","USA","Cargo","uh1n.jpg","air/AdvicoUH1N.jpg","s-70.xml","Bell UH-1N Twin Huey","Marcos Viniegra","120","6","13","1000","0.15","","AirDmg1","6","AirRCS1","4.64","30","IR_Rot_M_1","Default","Default","0","-999","Default","Default","Default","4762","5273","8.9","2.5","0","1","0","0","30","7200","7200"
"UH-2A","","6","34","16000000","2771.5","0","1962.748","1993","USA","ASW","","air/AdvicoUH2A.jpg","s-70.xml","","","140","10","14","878","0.0629702","4","AirDmg1","13.81","AirRCS1","8.49","30","IR_Rot_M_1","Default","Default","0","-999","Default","Default","Default","4536","4572","8.8","3","0","1","0","0","0","3600","10800"
"UH-2B","","6","34","16000000","2771.5","0","1962.748","1993","USA","ASW","","air/AdvicoUH2B.jpg","s-70.xml","","","140","10","14","878","0.0629702","4","AirDmg1","13.81","AirRCS1","8.49","30","IR_Rot_M_1","Default","Default","0","-999","Default","Default","Default","4536","4572","8.8","3","0","1","0","0","0","3600","10800"
"UH-2C","","6","34","16000000","2771.5","0","1962.748","1993","USA","ASW","","air/AdvicoUH2C.jpg","s-70.xml","","","140","10","14","878","0.0629702","4","AirDmg1","13.81","AirRCS1","8.49","30","IR_Rot_M_1","Default","Default","0","-999","Default","Default","Default","4536","4572","8.8","3","0","1","0","0","0","3600","10800"
"Voyager KC2","","4","33","","125000","","2012","2999","UK","Cargo","a330.jpg","air/AdvicoVoyagerKC2.jpg","civilairliner.xml","","Marcos Viniegra","580","5","4","108000","0.1","","AirDmg2","15","AirRCS1","18.51","30","IR_FW_L_H_LP_2_M0.85","Default","IR_FW_L_H_LP_2_M0.85","0","-999","Default","Default","Default","233000","13000","10","2","2500","0","2","22.5","0","3600","3600"
"Voyager KC3","","4","33","","125000","","2012","2999","UK","Cargo","a330.jpg","air/AdvicoVoyagerKC3.jpg","civilairliner.xml","","Marcos Viniegra","580","5","4","108000","0.1","","AirDmg2","15","AirRCS1","18.51","30","IR_FW_L_H_LP_2_M0.85","Default","IR_FW_L_H_LP_2_M0.85","0","-999","Default","Default","Default","233900","13000","10","2","2500","0","3","35.46","0","3600","3600"
"Wessex HAS.1","","6","34","","3767","","1961","1984","UK","ASW","","air/AdvicoWessex1.jpg","s-70.xml","","","106","6","20","1043","0.115","","AirDmg1","4","AirRCS1","6.04","0","IR_Rot_M_2","Default","Default","0","-999","Default","Default","Default","6136","3660","6","2","0","1","0","0","0","10800","10800"
"Wessex HAS.3","","6","34","","3767","","1967","1990","UK","ASW","","air/AdvicoWessex3.jpg","s-70.xml","","","106","6","20","1043","0.115","","AirDmg1","4","AirRCS1","6.04","0","IR_Rot_M_2","Default","Default","0","-999","Default","Default","Default","6136","3660","6","2","0","1","0","0","0","10800","10800"
"Wessex HU.5","","6","34","","3767","","1961","1984","UK","ASW","","air/AdvicoWessex5.jpg","s-70.xml","","","106","6","20","1043","0.115","","AirDmg1","4","AirRCS1","6.04","0","IR_Rot_M_2","Default","Default","0","-999","Default","Default","Default","6136","3660","6","2","0","1","0","0","0","10800","10800"
"WF-2","","4","33","20000000","1","0","1900","2999","USA","ASW","s2g.jpg","air/AdvicoWF2.jpg","s-2g.xml","S-2 Tracer","","265","10","10","1400","0.1","4","AirDmg1","12.14","AirRCS1","11.97","30","IR_FW_L_F_HP_2_M0.85","Default","IR_FW_L_F_HP_2_Super_M1.2","0","-999","Default","Default","Default","50000","6500","15","5","2500","0","0","0","0","3600","10800"
"Y-8EW","","4","33","20000000","0","0","1900","2999","China","EW","y8.jpg","air/AdvicoY8EW.jpg","tu-16.xml","Speculative version of Y-8 electronic warfare aircraft. Capable of high-power barrage jamming.","","350","10","3","33000","2","20","AirDmg2","18.61","AirRCS1","14.35","30","IR_FW_M_H_TP_4_M0.85","Default","IR_FW_M_H_TP_4_M0.85","0","-999","Default","Default","Default","50000","13000","15","5","2500","0","0","0","0","3600","10800"
"Yak-38","Yak-38 Forger-A","4","33","15000000","7385","0","1975","2999","Russia","Strike Fighter","yak38.jpg;yak38-2.jpg","air/AdvicoYak38.jpg","Yak-38.xml","Yak-38 Forger VSTOL aircraft","Dont have capability for Kh-23 command only or beam-rider? need to add approximation","690","25","12","2000","0.55","1","AirDmg1","12","AirRCS1","4.53","30","IR_FW_M_F_HP_1_M0.85","Default","IR_FW_M_F_HP_1_Super_M1.2","0","-999","Default","Default","Default","11300","12000","70","5","2500","1","0","0","0","3600","10800"
"Yak-38M","Yak-38 Forger-A","4","33","15000000","7385","0","1976.5","2999","Russia","Strike Fighter","yak38.jpg;yak38-2.jpg","air/AdvicoYak38M.jpg","Yak-38.xml","Yak-38 Forger VSTOL aircraft upgraded","Dont have capability for Kh-23 command only or beam-rider? need to add approximation","705","25","12","2000","0.55","1","AirDmg1","12","AirRCS1","4.53","30","IR_FW_M_F_HP_1_M0.85","Default","IR_FW_M_F_HP_1_Super_M1.2","0","-999","Default","Default","Default","12000","12000","70","5","2500","1","0","0","0","3600","10800"
"Z-9C ASW Helo","","6","34","","2380","","1990","2999","China","ASW","as355.jpg","air/AdvicoZ9.jpg","s-70.xml","Eurocopter AS565MB.","","165","4","18","907","0.094","","AirDmg1","4","AirRCS1","5.46","30","IR_Rot_M_2","Default","Default","0","-999","Default","Default","Default","4300","3400","6.5","2","0","1","0","0","0","3600","3600"
